date,home_team,away_team,score,result
26-12-2022,– Ascoli,Reggina,0-1,away
26-12-2022,– Benevento,Perugia,0-2,away
26-12-2022,– Como,Cittadella,2-0,home
26-12-2022,– Spal,Pisa,0-1,away
26-12-2022,– Sudtirol,Modena,0-2,away
26-12-2022,– Venezia,Parma,2-2,draw
26-12-2022,– Crystal Palace,Fulham,0-3,away
26-12-2022,– Everton,Wolverhampton,1-2,away
26-12-2022,– Leicester,Newcastle,0-3,away
26-12-2022,– Southampton,Brighton,1-3,away
26-12-2022,– Bristol City,WBA,0-2,away
26-12-2022,– Hull,Blackpool,1-1,draw
26-12-2022,– Rotherham,Stoke,2-2,draw
26-12-2022,– Accrington,Barnsley,1-1,draw
26-12-2022,– Burton,Lincoln,3-0,home
26-12-2022,– Cambridge Utd,Shrewsbury,2-1,home
26-12-2022,– Cardiff,QPR,0-0,draw
26-12-2022,– Aston Villa,Liverpool,1-3,away
26-12-2022,– Bari,Genoa,1-2,away
26-12-2022,– Luton,Norwich,2-1,home
17-12-2022,– Bristol City,Stoke,1-2,away
17-12-2022,– Burnley,Middlesbrough,3-1,home
17-12-2022,– Cardiff,Blackpool,1-1,draw
17-12-2022,– Coventry,Swansea,3-3,draw
17-12-2022,– Huddersfield,Watford,0-2,away
17-12-2022,– Hull,Sunderland,1-1,draw
17-12-2022,– Preston,QPR,0-1,away
17-12-2022,– Lugo,Granada,1-0,home
17-12-2022,– Reggina,Bari,0-0,draw
17-12-2022,– Oviedo,Gijon,1-0,home
17-12-2022,– Luton,Millwall,Postp,postponed
17-12-2022,– Cittadella,Sudtirol,0-2,away
17-12-2022,– Cosenza,Ascoli,1-3,away
17-12-2022,– Modena,Benevento,1-1,draw
17-12-2022,– Ternana,Como,0-3,away
17-12-2022,– Palermo,Cagliari,2-1,home
17-12-2022,– Burgos,Huesca,1-1,draw
17-12-2022,– Levante,Eibar,0-0,draw
17-12-2022,– Genoa,Frosinone,1-0,home
17-12-2022,– Malaga,Alaves,1-0,home
10-12-2022,– Blackpool,Birmingham,0-0,draw
10-12-2022,– Reading,Coventry,1-0,home
10-12-2022,– Stoke,Cardiff,2-2,draw
10-12-2022,– Swansea,Norwich,0-1,away
10-12-2022,– Accrington,Portsmouth,Postp,postponed
10-12-2022,– Bristol Rovers,Port Vale,1-0,home
10-12-2022,– Burton,Derby,1-1,draw
10-12-2022,– Cambridge Utd,Plymouth,0-0,draw
10-12-2022,– Exeter,Sheffield Wed,1-1,draw
10-12-2022,– Forest Green,Cheltenham,1-0,home
10-12-2022,– Lincoln,Wycombe,0-0,draw
10-12-2022,– Milton Keynes Dons,Fleetwood,1-2,away
10-12-2022,– Morecambe,Charlton,Postp,postponed
10-12-2022,– Oxford Utd,Barnsley,Postp,postponed
10-12-2022,– Grimsby,Tranmere,2-1,home
10-12-2022,– Harrogate T.,Northampton,Postp,postponed
10-12-2022,– Newport,Doncaster,0-1,away
10-12-2022,– Salford,Walsall,Postp,postponed
10-12-2022,– England,France,1-2,away
10-12-2022,– QPR,Burnley,0-3,away
03-12-2022,– Accrington,Oxford Utd,1-1,draw
03-12-2022,– Crawley,Swindon,2-0,home
03-12-2022,– Northampton,Tranmere,1-1,draw
03-12-2022,– Arbroath,Morton,1-1,draw
03-12-2022,– Ayr,Raith,2-0,home
03-12-2022,– Inverness,Dundee FC,0-1,away
03-12-2022,– Falkirk,Airdrie,1-1,draw
03-12-2022,– Cagliari,Parma,1-1,draw
03-12-2022,– Gijon,Las Palmas,0-1,away
03-12-2022,– Mirandes,Albacete,4-2,home
03-12-2022,– Villarreal II,Leganes,0-0,draw
03-12-2022,– Spal,Modena,2-3,away
03-12-2022,– Wycombe,Portsmouth,2-0,home
03-12-2022,– Andorra FC,Cartagena,0-1,away
03-12-2022,– Ascoli,Como,3-3,draw
03-12-2022,– Bari,Pisa,0-0,draw
03-12-2022,– Brescia,Reggina,0-2,away
03-12-2022,– Cosenza,Perugia,0-0,draw
03-12-2022,– Sudtirol,Frosinone,1-1,draw
03-12-2022,– Benevento,Palermo,0-1,away
26-11-2022,– Wimbledon,Chesterfield,0-2,away
26-11-2022,– Cambridge Utd,Grimsby,1-2,away
26-11-2022,– Oxford Utd,Exeter,4-1,home
26-11-2022,– Shrewsbury,Peterborough,3-1,home
26-11-2022,– Walsall,Carlisle,2-1,home
26-11-2022,– Malaga,Ponferradina,1-0,home
26-11-2022,– France,Denmark,2-1,home
26-11-2022,– Dag & Red,Gillingham,1-1,draw
26-11-2022,– Pisa,Ternana,3-1,home
26-11-2022,– Albacete,Santander,2-1,home
26-11-2022,– Oviedo,Mirandes,1-0,home
26-11-2022,– Reggina,Benevento,2-2,draw
26-11-2022,– Burgos,Zaragoza,2-2,draw
26-11-2022,– Como,Bari,1-1,draw
26-11-2022,– Frosinone,Cagliari,2-2,draw
26-11-2022,– Perugia,Genoa,1-0,home
26-11-2022,– Sudtirol,Ascoli,2-2,draw
26-11-2022,– Leganes,Granada,1-0,home
26-11-2022,– Lugo,Levante,1-1,draw
26-11-2022,– Palermo,Venezia,0-1,away
19-11-2022,– Bristol Rovers,Peterborough,1-0,home
19-11-2022,– Burton,Plymouth,2-2,draw
19-11-2022,– Cambridge Utd,Accrington,0-1,away
19-11-2022,– Cheltenham,Wycombe,1-0,home
19-11-2022,– Fleetwood,Bolton,1-2,away
19-11-2022,– Port Vale,Charlton,1-0,home
19-11-2022,– Bradford City,Northampton,1-3,away
19-11-2022,– Newport,Gillingham,2-0,home
19-11-2022,– Salford,Carlisle,1-4,away
19-11-2022,– Stockport,Leyton,1-2,away
19-11-2022,– Sutton,Rochdale,1-0,home
19-11-2022,– Tranmere,Wimbledon,0-2,away
19-11-2022,– Ponferradina,Oviedo,1-1,draw
19-11-2022,– Gijon,Leganes,2-2,draw
19-11-2022,– Tenerife,Huesca,2-0,home
19-11-2022,– Zaragoza,Malaga,1-1,draw
19-11-2022,– Villarreal II,Ibiza,1-0,home
19-11-2022,– Eibar,Alaves,0-0,draw
19-11-2022,– Santander,Burgos,0-1,away
19-11-2022,– Levante,Las Palmas,1-1,draw
12-11-2022,– Bournemouth,Everton,3-0,home
12-11-2022,– Nottingham,Crystal Palace,1-0,home
12-11-2022,– West Ham,Leicester,0-2,away
12-11-2022,– Bristol City,Watford,0-0,draw
12-11-2022,– Cardiff,Sheffield Utd,0-1,away
12-11-2022,– Coventry,QPR,2-0,home
12-11-2022,– Huddersfield,Swansea,0-0,draw
12-11-2022,– Hull,Reading,1-2,away
12-11-2022,– Norwich,Middlesbrough,1-2,away
12-11-2022,– Preston,Millwall,2-4,away
12-11-2022,– WBA,Stoke,2-0,home
12-11-2022,– Wigan,Blackpool,2-1,home
12-11-2022,– Sampdoria,Lecce,0-2,away
12-11-2022,– Newcastle,Chelsea,1-0,home
12-11-2022,– Atalanta,Inter,2-3,away
12-11-2022,– Verona,Spezia,1-2,away
12-11-2022,– Mainz,Eintracht Frankfurt,1-1,draw
12-11-2022,– Freiburg,Union Berlin,4-1,home
12-11-2022,– Juventus,Lazio,3-0,home
12-11-2022,– Monaco,Olympique Marseille,2-3,away
05-11-2022,– Nottingham,Brentford,2-2,draw
05-11-2022,– Wolverhampton,Brighton,2-3,away
05-11-2022,– Blackpool,Luton,0-1,away
05-11-2022,– Middlesbrough,Bristol City,1-1,draw
05-11-2022,– QPR,WBA,0-1,away
05-11-2022,– Rotherham,Norwich,1-2,away
05-11-2022,– Stoke,Birmingham,1-2,away
05-11-2022,– Sunderland,Cardiff,0-1,away
05-11-2022,– Swansea,Wigan,2-2,draw
05-11-2022,– Watford,Coventry,0-1,away
05-11-2022,– Everton,Leicester,0-2,away
05-11-2022,– Chelsea,Arsenal,0-1,away
05-11-2022,– Aston Villa,Manchester Utd,3-1,home
05-11-2022,– Southampton,Newcastle,1-4,away
05-11-2022,– West Ham,Crystal Palace,1-2,away
05-11-2022,– Tottenham,Liverpool,1-2,away
05-11-2022,– Roma,Lazio,0-1,away
05-11-2022,– Juventus,Inter,2-0,home
05-11-2022,– Olympique Marseille,Olympique Lyon,1-0,home
05-11-2022,– Betis,Sevilla,1-1,draw
29-10-2022,– Brentford,Wolverhampton,1-1,draw
29-10-2022,– Brighton,Chelsea,4-1,home
29-10-2022,– Crystal Palace,Southampton,1-0,home
29-10-2022,– Cardiff,Rotherham,1-0,home
29-10-2022,– Coventry,Blackpool,1-2,away
29-10-2022,– Huddersfield,Millwall,1-0,home
29-10-2022,– Hull,Blackburn,0-1,away
29-10-2022,– Luton,Sunderland,1-1,draw
29-10-2022,– Preston,Middlesbrough,2-1,home
29-10-2022,– Wigan,Watford,0-1,away
29-10-2022,– Fulham,Everton,0-0,draw
29-10-2022,– Strasbourg,Olympique Marseille,2-2,draw
29-10-2022,– Auxerre,Ajaccio,1-0,home
29-10-2022,– Osasuna,Valladolid,2-0,home
29-10-2022,– Brest,Reims,0-0,draw
29-10-2022,– Lorient,Nice,1-2,away
29-10-2022,– Ath Bilbao,Villarreal,1-0,home
29-10-2022,– Torino,Milan,2-1,home
29-10-2022,– Olympique Lyon,Lille,1-0,home
29-10-2022,– Sociedad,Betis,0-2,away
22-10-2022,– Everton,Crystal Palace,3-0,home
22-10-2022,– Blackburn,Birmingham,2-1,home
22-10-2022,– Millwall,WBA,2-1,home
22-10-2022,– QPR,Wigan,2-1,home
22-10-2022,– Reading,Bristol City,2-0,home
22-10-2022,– Rotherham,Hull,2-4,away
22-10-2022,– Sheffield Utd,Norwich,2-2,draw
22-10-2022,– Stoke,Coventry,0-2,away
22-10-2022,– Sunderland,Burnley,2-4,away
22-10-2022,– Chelsea,Manchester Utd,1-1,draw
22-10-2022,– Fiorentina,Inter,3-4,away
22-10-2022,– Swansea,Cardiff,2-0,home
22-10-2022,– Watford,Luton,4-0,home
22-10-2022,– Aston Villa,Brentford,4-0,home
22-10-2022,– Leeds,Fulham,2-3,away
22-10-2022,– Wolverhampton,Leicester,0-4,away
22-10-2022,– Tottenham,Newcastle,1-2,away
22-10-2022,– Atalanta,Lazio,0-2,away
22-10-2022,– Roma,Napoli,0-1,away
22-10-2022,– Lille,Monaco,4-3,home
15-10-2022,– Empoli,Monza,1-0,home
15-10-2022,– Eintracht Frankfurt,Leverkusen,5-1,home
15-10-2022,– Werder,Mainz,0-2,away
15-10-2022,– Wolfsburg,B. Monchengladbach,2-2,draw
15-10-2022,– Bristol City,Millwall,1-2,away
15-10-2022,– Cardiff,Coventry,0-1,away
15-10-2022,– Middlesbrough,Blackburn,1-2,away
15-10-2022,– Preston,Stoke,0-2,away
15-10-2022,– Reading,WBA,0-2,away
15-10-2022,– Sunderland,Wigan,2-1,home
15-10-2022,– Ross County,Dundee Utd,1-1,draw
15-10-2022,– Kasimpasa,Demirspor,1-4,away
15-10-2022,– Varnamo,Kalmar,1-3,away
15-10-2022,– Torino,Juventus,0-1,away
15-10-2022,– Mallorca,Sevilla,0-1,away
15-10-2022,– Fortuna S.,RKC Waalwijk,0-0,draw
15-10-2022,– Watford,Norwich,2-1,home
15-10-2022,– Ath Bilbao,Atl. Madrid,0-1,away
15-10-2022,– America Mineiro,Fortaleza CE,1-2,away
15-10-2022,– Flamengo,Atletico Mineiro,1-0,home
08-10-2022,– Bournemouth,Leicester,2-1,home
08-10-2022,– Birmingham,Bristol City,3-0,home
08-10-2022,– Blackpool,Watford,3-1,home
08-10-2022,– Coventry,Burnley,0-1,away
08-10-2022,– Millwall,Middlesbrough,2-0,home
08-10-2022,– Stoke,Sheffield Utd,3-1,home
08-10-2022,– Swansea,Sunderland,2-1,home
08-10-2022,– Brighton,Tottenham,0-1,away
08-10-2022,– Sevilla,Ath Bilbao,1-1,draw
08-10-2022,– Bologna,Sampdoria,1-1,draw
08-10-2022,– Crystal Palace,Leeds,2-1,home
08-10-2022,– Salernitana,Verona,2-1,home
08-10-2022,– Udinese,Atalanta,2-2,draw
08-10-2022,– Angers,Strasbourg,2-3,away
08-10-2022,– Cadiz CF,Espanyol,2-2,draw
08-10-2022,– Arsenal,Liverpool,3-2,home
08-10-2022,– Hertha Berlin,Freiburg,2-2,draw
08-10-2022,– Sociedad,Villarreal,1-0,home
08-10-2022,– Stuttgart,Union Berlin,0-1,away
08-10-2022,– Lille,Lens,1-0,home
01-10-2022,– Bournemouth,Brentford,0-0,draw
01-10-2022,– Fulham,Newcastle,1-4,away
01-10-2022,– Southampton,Everton,1-2,away
01-10-2022,– Blackpool,Norwich,0-1,away
01-10-2022,– Blackburn,Millwall,2-1,home
01-10-2022,– Bristol City,QPR,1-2,away
01-10-2022,– Cardiff,Burnley,1-1,draw
01-10-2022,– Coventry,Middlesbrough,1-0,home
01-10-2022,– Reading,Huddersfield,3-1,home
01-10-2022,– Rotherham,Wigan,0-2,away
01-10-2022,– Werder Bremen,B. Monchengladbach,5-1,home
01-10-2022,– Sevilla,Atl. Madrid,0-2,away
01-10-2022,– Stoke,Watford,0-4,away
01-10-2022,– Lorient,Lille,2-1,home
01-10-2022,– Espanyol,Valencia,2-2,draw
01-10-2022,– Sampdoria,Monza,0-3,away
01-10-2022,– Troyes,Reims,2-2,draw
01-10-2022,– Hertha Berlin,Hoffenheim,1-1,draw
01-10-2022,– Celta Vigo,Betis,1-0,home
01-10-2022,– Leeds,Aston Villa,0-0,draw
24-09-2022,– Barnsley,Charlton,3-1,home
24-09-2022,– Bristol Rovers,Accrington,0-1,away
24-09-2022,– Morecambe,Cambridge Utd,1-2,away
24-09-2022,– Barrow,Leyton Orient,0-2,away
24-09-2022,– Colchester,Rochdale,0-1,away
24-09-2022,– Crewe,Mansfield,1-2,away
24-09-2022,– Doncaster,Crawley,4-1,home
24-09-2022,– Grimsby,Swindon,1-2,away
24-09-2022,– Hartlepool,Gillingham,0-0,draw
24-09-2022,– Newport,Carlisle,1-1,draw
24-09-2022,– Walsall,Tranmere,0-1,away
24-09-2022,– Slovenia,Norway,2-1,home
24-09-2022,– Scotland,Ireland,2-1,home
24-09-2022,– Israel,Albania,2-1,home
24-09-2022,– Serbia,Sweden,4-1,home
24-09-2022,– Univ.Cesar Vallejo,Melgar,3-2,home
24-09-2022,– San Jose Earthquakes,Los Angeles Galaxy,2-3,away
24-09-2022,– Plymouth,Ipswich,2-1,home
24-09-2022,– Cliftonville,Queen’s Park,2-3,away
24-09-2022,– Denmark,France,2-0,home
17-09-2022,– Montpellier,Strasbourg,2-1,home
17-09-2022,– Spezia,Sampdoria,2-1,home
17-09-2022,– Valencia,Celta Vigo,3-0,home
17-09-2022,– Torino,Sassuolo,0-1,away
17-09-2022,– Charleroi,Westerlo,2-3,away
17-09-2022,– Udinese,Inter,3-1,home
17-09-2022,– Reims,Monaco,0-3,away
17-09-2022,– Genk,Gent,1-0,home
17-09-2022,– Cremonese,Lazio,0-4,away
17-09-2022,– Fiorentina,Verona,2-0,home
17-09-2022,– Monza,Juventus,1-0,home
17-09-2022,– Brest,Ajaccio,0-1,away
17-09-2022,– Clermont,Troyes,1-3,away
17-09-2022,– Olympique Marseille,Rennes,1-1,draw
17-09-2022,– Nantes,Lens,0-0,draw
17-09-2022,– Bochum,Koln,1-1,draw
17-09-2022,– Roma,Atalanta,0-1,away
17-09-2022,– Hoffenheim,Freiburg,0-0,draw
17-09-2022,– Milan,Napoli,1-2,away
17-09-2022,– Atl. Madrid,Real Madrid,1-2,away
03-09-2022,– Brentford,Leeds,5-2,home
03-09-2022,– Newcastle,Crystal Palace,0-0,draw
03-09-2022,– Nottingham,Bournemouth,2-3,away
03-09-2022,– Wolverhampton,Southampton,1-0,home
03-09-2022,– Blackburn,Bristol City,2-3,away
03-09-2022,– Luton,Wigan,1-2,away
03-09-2022,– Millwall,Cardiff,2-0,home
03-09-2022,– Rotherham,Watford,1-1,draw
03-09-2022,– Swansea,QPR,1-0,home
03-09-2022,– Milan,Inter,3-2,home
03-09-2022,– Sociedad,Atl. Madrid,1-1,draw
03-09-2022,– Lazio,Napoli,1-2,away
03-09-2022,– Sevilla,Barcelona,0-3,away
03-09-2022,– Reading,Stoke,2-1,home
03-09-2022,– Augsburg,Hertha Berlin,0-2,away
03-09-2022,– Huddersfield,Blackpool,0-1,away
03-09-2022,– Hull,Sheffield Utd,0-2,away
03-09-2022,– Manchester Utd,Arsenal,3-1,home
03-09-2022,– Monchengladbach,Mainz,0-1,away
03-09-2022,– Nice,Monaco,0-1,away
27-08-2022,– Brentford,Everton,1-1,draw
27-08-2022,– Brighton,Leeds,1-0,home
27-08-2022,– Blackburn,Stoke,0-1,away
27-08-2022,– Blackpool,Bristol City,3-3,draw
27-08-2022,– Cardiff,Preston,0-0,draw
27-08-2022,– Huddersfield,WBA,2-2,draw
27-08-2022,– Hull,Coventry,3-2,home
27-08-2022,– Rotherham,Birmingham,2-0,home
27-08-2022,– Watford,QPR,2-3,away
27-08-2022,– Wigan,Burnley,1-5,away
27-08-2022,– Juventus,AS Roma,1-1,draw
27-08-2022,– Almeria,Sevilla,2-1,home
27-08-2022,– Aston Villa,West Ham,0-1,away
27-08-2022,– Wolverhampton,Newcastle,1-1,draw
27-08-2022,– Nice,Marseille,0-3,away
27-08-2022,– Troyes,Angers,3-1,home
27-08-2022,– Koln,Stuttgart,0-0,draw
27-08-2022,– Werder Bremen,Eintracht Frankfurt,3-4,away
27-08-2022,– Getafe,Villarreal,0-0,draw
27-08-2022,– Fiorentina,Napoli,0-0,draw
20-08-2022,– Crystal Palace,Aston Villa,3-1,home
20-08-2022,– Everton,Nottingham,1-1,draw
20-08-2022,– Fulham,Brentford,3-2,home
20-08-2022,– Birmingham,Wigan,0-1,away
20-08-2022,– QPR,Rotherham,1-1,draw
20-08-2022,– Preston,Watford,0-0,draw
20-08-2022,– Reading,Middlesbrough,1-0,home
20-08-2022,– Stoke,Sunderland,0-1,away
20-08-2022,– Swansea,Luton,0-2,away
20-08-2022,– Bolton,Sheffield Wed,0-2,away
20-08-2022,– Burton,Port Vale,0-2,away
20-08-2022,– Union Berlin,RB Leipzig,2-1,home
20-08-2022,– Torino,Lazio,0-0,draw
20-08-2022,– Bristol City,Cardiff,2-0,home
20-08-2022,– West Ham,Brighton,0-2,away
20-08-2022,– Eintracht Frankfurt,FC Koln,1-1,draw
20-08-2022,– Atl. Madrid,Villarreal,0-2,away
20-08-2022,– Atalanta,AC Milan,1-1,draw
20-08-2022,– Bologna,Verona,1-1,draw
20-08-2022,– Sociedad,Barcelona,1-4,away
13-08-2022,– Brighton,Newcastle,0-0,draw
13-08-2022,– Southampton,Leeds,2-2,draw
13-08-2022,– Wolverhampton,Fulham,0-0,draw
13-08-2022,– Blackpool,Swansea,0-1,away
13-08-2022,– Huddersfield,Stoke,3-1,home
13-08-2022,– Hull,Norwich,2-1,home
13-08-2022,– Luton,Preston,0-1,away
13-08-2022,– Millwall,Coventry,3-2,home
13-08-2022,– Rotherham,Reading,4-0,home
13-08-2022,– Sunderland,QPR,2-2,draw
13-08-2022,– Wigan,Bristol City,1-1,draw
13-08-2022,– Monaco,Rennes,1-1,draw
13-08-2022,– Brentford,Manchester Utd,4-0,home
13-08-2022,– Sampdoria,Atalanta,0-2,away
13-08-2022,– Nottingham,West Ham,1-0,home
13-08-2022,– Middlesbrough,Sheffield Utd,2-2,draw
13-08-2022,– Mainz,Union Berlin,0-0,draw
13-08-2022,– Blackburn,West Brom,2-1,home
13-08-2022,– Chelsea,Tottenham,2-2,draw
13-08-2022,– Spezia,Empoli,1-0,home
06-08-2022,– Bournemouth,Aston Villa,2-0,home
06-08-2022,– Leeds,Wolverhampton,2-1,home
06-08-2022,– Bristol City,Sunderland,2-3,away
06-08-2022,– Preston,Hull,0-0,draw
06-08-2022,– QPR,Middlesbrough,3-2,home
06-08-2022,– Reading,Cardiff,2-1,home
06-08-2022,– Sheffield Utd,Millwall,2-0,home
06-08-2022,– Stoke,Blackpool,2-0,home
06-08-2022,– Swansea,Blackburn,0-3,away
06-08-2022,– Bolton,Wycombe,3-0,home
06-08-2022,– Charlton,Derby,1-0,home
06-08-2022,– Exeter,Port Vale,4-0,home
06-08-2022,– Forest Green,Ipswich,1-2,away
06-08-2022,– Shrewsbury,Accrington,0-1,away
06-08-2022,– Strasbourg,Monaco,1-2,away
06-08-2022,– Dortmund,Bayer Leverkusen,1-0,home
06-08-2022,– Toulouse,Nice,1-1,draw
06-08-2022,– Leicester,Brentford,2-2,draw
06-08-2022,– Angers,Nantes,0-0,draw
06-08-2022,– Montpellier,Troyes,3-2,home
30-07-2022,– Blackburn,QPR,1-0,home
30-07-2022,– Blackpool,Reading,1-0,home
30-07-2022,– Cardiff,Norwich,1-0,home
30-07-2022,– Hull,Bristol City,2-1,home
30-07-2022,– Luton,Birmingham,0-0,draw
30-07-2022,– Millwall,Stoke,2-0,home
30-07-2022,– Rotherham,Swansea,1-1,draw
30-07-2022,– Wigan,Preston,0-0,draw
30-07-2022,– Accrington,Charlton,2-2,draw
30-07-2022,– Bristol Rovers,Forest Green,1-2,away
30-07-2022,– Derby,Oxford Utd,1-0,home
30-07-2022,– Ipswich,Bolton,1-1,draw
30-07-2022,– Liverpool,Manchester City,3-1,home
30-07-2022,– Middlesbrough,WBA,1-1,draw
30-07-2022,– RB Leipzig,Bayern Munich,3-5,away
30-07-2022,– Sunderland,Coventry,1-1,draw
30-07-2022,– Viborg,Copenhagen,4-2,home
30-07-2022,– Winterthur,Lugano,1-4,away
30-07-2022,– Austria Vienna,LASK,1-1,draw
30-07-2022,– Silkeborg,Brondby,2-0,home
23-07-2022,– Zurich,Luzern,0-0,draw
23-07-2022,– Kortrijk,Leuven,0-2,away
23-07-2022,– Zulte-Waregem,RFC Seraing,2-0,home
23-07-2022,– Wolfsberger,Sturm Graz,1-1,draw
23-07-2022,– Hannover,St. Pauli,2-2,draw
23-07-2022,– St. Truiden,St.Gilloise,1-1,draw
23-07-2022,– Karlsruher,Magdeburg,2-3,away
23-07-2022,– Aarhus,Viborg,3-1,home
23-07-2022,– Randers,Odense,2-2,draw
23-07-2022,– Mechelen,Antwerp,0-2,away
23-07-2022,– Grasshoppers,Lugano,2-1,home
23-07-2022,– Sion,Young Boys,0-3,away
23-07-2022,– A. Lustenau,WSG Tirol,2-1,home
23-07-2022,– Hartberg,Altach,2-1,home
23-07-2022,– Aalborg,Copenhagen,1-3,away
23-07-2022,– Haugesund,Sarpsborg 08,3-1,home
23-07-2022,– Kristiansund,Odd Grenland,2-2,draw
23-07-2022,– Valerenga,Viking,4-2,home
23-07-2022,– Stromsgodset,Ham-Kam,1-1,draw
23-07-2022,– Westerlo,Cercle Brugge,2-0,home
16-07-2022,– Ham-Kam,Bodo/Glimt,0-2,away
16-07-2022,– Magdeburg,Fortuna Dusseldorf,1-2,away
16-07-2022,– Winterthur,Basel,1-1,draw
16-07-2022,– Hansa,Heidenheim,0-1,away
16-07-2022,– Paderborn,Karlsruher,5-0,home
16-07-2022,– Torpedo Moscow,Sochi,1-3,away
16-07-2022,– Lyngby,Silkeborg,2-2,draw
16-07-2022,– Viborg,Aalborg,2-1,home
16-07-2022,– AIK,Kalmar,1-0,home
16-07-2022,– Hammarby TFF,Elfsborg,3-0,home
16-07-2022,– Goteborg,Mjallby,1-1,draw
16-07-2022,– SJK,Ilves,3-3,draw
16-07-2022,– Lugano,Sion,2-3,away
16-07-2022,– Servette,St. Gallen,1-0,home
16-07-2022,– Club Brugge,Gent,1-0,home
16-07-2022,– Brondby,Aarhus,1-0,home
16-07-2022,– Odd Grenland,Lillestrom,1-2,away
16-07-2022,– Sarpsborg 08,Valerenga,0-1,away
16-07-2022,– Tromso,Stromsgodset,Postp,postponed
16-07-2022,– Aalesund,Rosenborg,0-0,draw
09-07-2022,– HIFK,Haka,0-2,away
09-07-2022,– Degerfors,Norrkoping,1-1,draw
09-07-2022,– Stromsgodset,Odd Grenland,0-0,draw
09-07-2022,– Cluj,Sepsi,1-2,away
09-07-2022,– Lech Poznan,Rakow,0-2,away
09-07-2022,– Chicago,Columbus,2-3,away
09-07-2022,– Houston,Dallas,2-2,draw
09-07-2022,– Sapporo,Kashima A.,0-0,draw
09-07-2022,– Fukuoka,Kyoto Purple Sanga,1-0,home
09-07-2022,– Cerezo Osaka,Yokohama F. Marinos,2-2,draw
09-07-2022,– Sangan,Kashiwa R.,0-1,away
09-07-2022,– Urawa RD,Tokyo,3-0,home
09-07-2022,– Jonkoping Sodra,Ostersund,1-0,home
09-07-2022,– Elfsborg,AIK,2-2,draw
09-07-2022,– Mjallby,Hacken,1-2,away
09-07-2022,– Utsikten,Oster,1-1,draw
09-07-2022,– SJK,Honka,3-2,home
09-07-2022,– Lillestrom,Viking,0-1,away
09-07-2022,– Sandefjord,Aalesund,Postp,postponed
09-07-2022,– Haugesund,Ham-Kam,1-1,draw
01-07-2022,– Jerv,Haugesund,1-0,home
01-07-2022,– AC Oulu,VPS,0-6,away
01-07-2022,– Helsinki,KuPS,1-1,draw
01-07-2022,– Lahti,Inter Turku,2-1,home
01-07-2022,– Helsingborg,Kalmar,1-1,draw
01-07-2022,– Odd Grenland,Bodo/Glimt,3-2,home
01-07-2022,– KR Reykjavik,Vikingur,0-3,away
01-07-2022,– Sligo Rovers,Shelbourne,3-1,home
01-07-2022,– Fluminense,Corinthians,4-0,home
01-07-2022,– Santos,Flamengo RJ,1-2,away
01-07-2022,– Vasteras,Brage,1-3,away
01-07-2022,– Kfum,Sogndal,3-2,home
01-07-2022,– Mjondalen,Stabaek,2-4,away
01-07-2022,– Skeid,Grorud,3-2,home
01-07-2022,– Djurgarden,Hammarby,1-0,home
01-07-2022,– Varberg,Varnamo,3-0,home
01-07-2022,– Hacken,Elfsborg,1-1,draw
01-07-2022,– Aalesund,Stromsgodset,1-0,home
01-07-2022,– Ham-Kam,Molde,0-0,draw
01-07-2022,– Viking,Rosenborg,1-1,draw
25-06-2022,– Defensa y Justicia,Velez Sarsfield,1-1,draw
25-06-2022,– Talleres Cordoba,Cordoba Santiago,0-2,away
25-06-2022,– Athletico-PR,Bragantino,4-2,home
25-06-2022,– Colon Santa Fe,Huracan,0-1,away
25-06-2022,– DC United,Nashville SC,1-3,away
25-06-2022,– Toronto FC,Atlanta Utd,2-1,home
25-06-2022,– Houston Dynamo,Chicago Fire,2-0,home
25-06-2022,– Portland Timbers,Colorado Rapids,3-0,home
25-06-2022,– Nagoya Grampus,Kashima Antlers,1-1,draw
25-06-2022,– Vissel Kobe,Urawa Reds,0-1,away
25-06-2022,– Kyoto Purple Sanga,Shonan Bellmare,0-1,away
25-06-2022,– Sangan,Tokyo,5-0,home
25-06-2022,– Mjallby,Norrkoping,1-1,draw
25-06-2022,– Ham-Kam,Sarpsborg 08,3-2,home
25-06-2022,– Sandefjord,Tromso,2-2,draw
25-06-2022,– Stromsgodset,Lillestrom,3-0,home
25-06-2022,– San Lorenzo,Tigre,1-1,draw
25-06-2022,– Platense,Sarmiento Junin,0-0,draw
25-06-2022,– Botafogo RJ,Fluminense,0-1,away
25-06-2022,– Goias,Cuiaba,1-0,home
18-06-2022,– Sarpsborg 08,Stromsgodset,5-1,home
18-06-2022,– SJK,Inter Turku,1-1,draw
18-06-2022,– Sligo Rovers,Finn Harps,3-0,home
18-06-2022,– Seattle Sounders,Los Angeles FC,1-1,draw
18-06-2022,– Atletico GO,Juventude,3-1,home
18-06-2022,– HIFK,VPS,1-5,away
18-06-2022,– Cuiaba,Ceara,0-0,draw
18-06-2022,– Montreal,Austin,0-1,away
18-06-2022,– Orlando City,Houston Dynamo,2-1,home
18-06-2022,– Santos,Bragantino,2-2,draw
18-06-2022,– Chicago Fire,DC United,1-0,home
18-06-2022,– M.Zelvia,Kanazawa,3-2,home
18-06-2022,– Ulsan,Jeonbuk M.,1-3,away
18-06-2022,– Suwon Bluewings,Seoul,0-1,away
18-06-2022,– Start,Stabaek,0-0,draw
18-06-2022,– Jerv,Ham-Kam,1-2,away
18-06-2022,– Lillestrom,Rosenborg,3-1,home
18-06-2022,– Odd Grenland,Molde,1-2,away
18-06-2022,– Aalesund,Valerenga,2-2,draw
18-06-2022,– Tenerife,Girona,1-3,away
11-06-2022,– R.Ireland,Scotland,3-0,home
11-06-2022,– Faroe Islands,Lithuania,2-1,home
11-06-2022,– Arsenal Sarandi,Banfield,0-0,draw
11-06-2022,– Montenegro,Bosnia & Herzegovina,1-1,draw
11-06-2022,– Romania,Finland,1-0,home
11-06-2022,– England,Italy,0-0,draw
11-06-2022,– Charlotte,New York Red Bulls,2-0,home
11-06-2022,– Ponte Preta,Londrina,1-2,away
11-06-2022,– Sarmiento Junin,Argentinos Jrs,1-0,home
11-06-2022,– Cuiaba,Bragantino,1-1,draw
11-06-2022,– Renofa Yamaguchi,Okayama,0-1,away
11-06-2022,– Blaublitz,Omiya Ardija,0-1,away
11-06-2022,– M.Zelvia,Kumamoto,1-1,draw
11-06-2022,– Mito Hollyhock,Montedio Yamagata,1-0,home
11-06-2022,– Kusatsu,Tochigi,0-0,draw
11-06-2022,– Jeonnam,Gyeongnam,2-2,draw
11-06-2022,– Colon Santa FE,Union de Santa Fe,2-2,draw
11-06-2022,– Godoy Cruz,Racing Club,2-0,home
11-06-2022,– Kansas City,New England,1-2,away
11-06-2022,– Vasco,Cruzeiro,1-0,home
04-06-2022,– Finland,Bosnia & Herzegovina,1-1,draw
04-06-2022,– Lithuania,Luxembourg,0-2,away
04-06-2022,– Italy,Germany,1-1,draw
04-06-2022,– Montenegro,Romania,2-0,home
04-06-2022,– Athletico-PR,Santos,2-2,draw
04-06-2022,– Avai,Sao Paulo,1-1,draw
04-06-2022,– Vancouver Whitecaps,Real Salt Lake,2-1,home
04-06-2022,– Suriname,Jamaica,1-1,draw
04-06-2022,– Atletico GO,Corinthians,0-1,away
04-06-2022,– JEF United,Vegalta Sendai,2-0,home
04-06-2022,– Omiya Ardija,Mito Hollyhock,0-2,away
04-06-2022,– Yamaguchi,Kusatsu,2-1,home
04-06-2022,– Grimsby,Solihull Moors,1-1,draw
04-06-2022,– Juventude,Fluminense,1-0,home
04-06-2022,– Cyprus,Northern Ireland,0-0,draw
04-06-2022,– Portugal,Switzerland,4-0,home
04-06-2022,– Sweden,Norway,1-2,away
04-06-2022,– Kosovo,Greece,0-1,away
04-06-2022,– Bulgaria,Georgia,2-5,away
04-06-2022,– Palmeiras,Atletico-MG,0-0,draw
28-05-2022,– Ham Kam,Odd Grenland,1-2,away
28-05-2022,– AC Oulu,SJK,1-0,home
28-05-2022,– Haka,Lahti,1-1,draw
28-05-2022,– Mansfield,Port Vale,0-3,away
28-05-2022,– Stromsgodset,Viking,3-2,home
28-05-2022,– Toronto,Chicago,3-2,home
28-05-2022,– New England,Philadelphia,1-1,draw
28-05-2022,– Kups,Helsinki,0-0,draw
28-05-2022,– Spartak Moscow,Dynamo Moscow,2-1,home
28-05-2022,– Huddersfield,Nottingham,0-1,away
28-05-2022,– Varnamo,Hammarby TFF,1-0,home
28-05-2022,– Mariehamn,VPS,1-3,away
28-05-2022,– Haugesund,Aalesund,2-2,draw
28-05-2022,– Jerv,Sarpsborg 08,0-5,away
28-05-2022,– Molde,Bodo/Glimt,3-1,home
28-05-2022,– Sandefjord,Kristiansund,Postp,postponed
28-05-2022,– Tromso,Lillestrom,2-2,draw
28-05-2022,– Vikingur,Ka Akureyri,2-1,home
28-05-2022,– Akranes,Keflavik,0-2,away
28-05-2022,– Valerenga,Rosenborg,0-4,away
20-05-2022,– Freiburg,RB Leipzig,1-1,draw
20-05-2022,– Fiorentina,Juventus,2-0,home
20-05-2022,– Cartagena,Amorebieta,5-0,home
20-05-2022,– Fuenlabrada,Gijon,0-0,draw
20-05-2022,– Eibar,Tenerife,2-0,home
20-05-2022,– Huesca,Sociedad II,3-2,home
20-05-2022,– Las Palmas,Oviedo,2-1,home
20-05-2022,– Zaragoza,Lugo,1-0,home
20-05-2022,– Brentford,Leeds,1-2,away
20-05-2022,– Brighton,West Ham,3-1,home
20-05-2022,– Burnley,Newcastle,1-2,away
20-05-2022,– Crystal Palace,Manchester Utd,1-0,home
20-05-2022,– Leicester,Southampton,4-1,home
20-05-2022,– Brondby,Silkeborg,2-1,home
20-05-2022,– Elche,Getafe,3-1,home
20-05-2022,– Valencia,Celta Vigo,2-0,home
20-05-2022,– Osasuna,Mallorca,0-2,away
20-05-2022,– Barcelona,Villarreal,0-2,away
20-05-2022,– Sociedad,Atl. Madrid,1-2,away
20-05-2022,– Sevilla,Ath Bilbao,1-0,home
14-05-2022,– Chelsea,Liverpool,0-0,draw
14-05-2022,– Verona,Torino,0-1,away
14-05-2022,– Leganes,Eibar,2-3,away
14-05-2022,– Bordeaux,Lorient,0-0,draw
14-05-2022,– Metz,Angers,1-0,home
14-05-2022,– Rennes,Marseille,2-0,home
14-05-2022,– St Etienne,Reims,1-2,away
14-05-2022,– Troyes,Lens,1-3,away
14-05-2022,– Bologna,Sassuolo,1-3,away
14-05-2022,– Aston Villa,Crystal Palace,1-1,draw
14-05-2022,– Everton,Brentford,2-3,away
14-05-2022,– Leeds,Brighton,1-1,draw
14-05-2022,– Watford,Leicester,1-5,away
14-05-2022,– Hacken,Kalmar,3-1,home
14-05-2022,– Hammarby,AIK,3-3,draw
14-05-2022,– Gijon,Girona,2-1,home
14-05-2022,– Goteborg,Varbergs,1-1,draw
14-05-2022,– Atl. Madrid,Sevilla,1-1,draw
14-05-2022,– Espanyol,Valencia,1-1,draw
14-05-2022,– Villarreal,Real Sociedad,1-2,away
07-05-2022,– Brentford,Southampton,3-0,home
07-05-2022,– Burnley,Aston Villa,1-3,away
07-05-2022,– Sassuolo,Udinese,1-1,draw
07-05-2022,– Brighton,Manchester Utd,4-0,home
07-05-2022,– Hertha Berlin,Mainz,1-2,away
07-05-2022,– Cadiz CF,Elche,3-0,home
07-05-2022,– Celta Vigo,Alaves,4-0,home
07-05-2022,– Betis,Barcelona,1-2,away
07-05-2022,– Getafe,Rayo Vallecano,0-0,draw
07-05-2022,– Leicester,Everton,1-2,away
07-05-2022,– Norwich,West Ham,0-4,away
07-05-2022,– Venezia,Bologna,4-3,home
07-05-2022,– Angers,Bordeaux,4-1,home
07-05-2022,– Clermont,Montpellier,2-1,home
07-05-2022,– Reims,Lens,1-2,away
07-05-2022,– Eintracht Frankfurt,B. Monchengladbach,1-1,draw
07-05-2022,– Villarreal,Sevilla,1-1,draw
07-05-2022,– Salernitana,Cagliari,1-1,draw
07-05-2022,– Espanyol,Osasuna,1-1,draw
07-05-2022,– Atl. Madrid,Real Madrid,1-0,home
30-04-2022,– Southampton,Crystal Palace,1-2,away
30-04-2022,– Watford,Burnley,1-2,away
30-04-2022,– Wolverhampton,Brighton,0-3,away
30-04-2022,– Blackburn,Bournemouth,0-3,away
30-04-2022,– Blackpool,Derby,0-2,away
30-04-2022,– Bristol City,Hull,5-0,home
30-04-2022,– Cardiff,Birmingham,1-1,draw
30-04-2022,– Coventry,Huddersfield,1-2,away
30-04-2022,– Middlesbrough,Stoke,3-1,home
30-04-2022,– Reading,WBA,0-1,away
30-04-2022,– Sampdoria,Genoa,1-0,home
30-04-2022,– Hoffenheim,Freiburg,3-4,away
30-04-2022,– Valencia,Levante,1-1,draw
30-04-2022,– Heracles,Twente,1-1,draw
30-04-2022,– Ath Bilbao,Atl. Madrid,2-0,home
30-04-2022,– Elche,Osasuna,1-1,draw
30-04-2022,– Empoli,Torino,1-3,away
30-04-2022,– Granada,Celta Vigo,1-1,draw
30-04-2022,– West Ham,Arsenal,1-2,away
30-04-2022,– Rayo Vallecano,Sociedad,1-1,draw
23-04-2022,– Leicester,Aston Villa,0-0,draw
23-04-2022,– Norwich,Newcastle,0-3,away
23-04-2022,– Portimonense,Moreirense,1-0,home
23-04-2022,– Brentford,Tottenham,0-0,draw
23-04-2022,– Santa Clara,Maritimo,2-2,draw
23-04-2022,– RKC Waalwijk,Zwolle,0-2,away
23-04-2022,– Betis,Valencia,1-1,draw
23-04-2022,– Willem II,Vitesse,1-0,home
23-04-2022,– Groningen,Heracles,0-1,away
23-04-2022,– Brighton,Southampton,2-2,draw
23-04-2022,– Burnley,Wolverhampton,1-0,home
23-04-2022,– Clermont,Angers,2-2,draw
23-04-2022,– Metz,Brest,0-1,away
23-04-2022,– Bochum,Augsburg,0-2,away
23-04-2022,– Rostov,Spartak Moscow,3-2,home
23-04-2022,– Fortuna Sittard,Go Head,1-0,home
23-04-2022,– Lille,Strasbourg,1-0,home
23-04-2022,– Hertha Berlin,Stuttgart,2-0,home
23-04-2022,– CSKA,Dynamo Moscow,1-0,home
23-04-2022,– Reims,Marseille,0-1,away
16-04-2022,– Southampton,Arsenal,1-0,home
16-04-2022,– Watford,Brentford,1-2,away
16-04-2022,– Alaves,Rayo Vallecano,1-0,home
16-04-2022,– Manchester City,Liverpool,2-3,away
16-04-2022,– St Etienne,Brest,2-1,home
16-04-2022,– B. Monchengladbach,Koln,1-3,away
16-04-2022,– Valencia,Osasuna,1-2,away
16-04-2022,– Maritimo,Boavista,4-0,home
16-04-2022,– Getafe,Villarreal,1-2,away
16-04-2022,– Lille,Lens,1-2,away
16-04-2022,– Granada,Levante,1-4,away
16-04-2022,– Metz,Clermont,1-1,draw
16-04-2022,– Montpellier,Reims,0-0,draw
16-04-2022,– Nantes,Angers,1-1,draw
16-04-2022,– Troyes,Strasbourg,1-1,draw
16-04-2022,– Newcastle,Leicester,2-1,home
16-04-2022,– Union Berlin,Eintracht Frankfurt,2-0,home
16-04-2022,– Ath Bilbao,Celta Vigo,0-2,away
16-04-2022,– Bayer Leverkusen,RB Leipzig,0-1,away
16-04-2022,– Sevilla,Real Madrid,2-3,away
09-04-2022,– Watford,Leeds,0-3,away
09-04-2022,– Preston,QPR,2-1,home
09-04-2022,– Reading,Cardiff,1-2,away
09-04-2022,– Swansea,Derby,2-1,home
09-04-2022,– WBA,Stoke,1-3,away
09-04-2022,– Aston Villa,Tottenham,0-4,away
09-04-2022,– Hertha Berlin,Union Berlin,1-4,away
09-04-2022,– Villarreal,Ath Bilbao,1-1,draw
09-04-2022,– Bordeaux,Metz,3-1,home
09-04-2022,– Brentford,West Ham,2-0,home
09-04-2022,– Leicester,Crystal Palace,2-1,home
09-04-2022,– Norwich,Burnley,2-0,home
09-04-2022,– Venezia,Udinese,1-2,away
09-04-2022,– Brest,Nantes,1-1,draw
09-04-2022,– Espanyol,Celta Vigo,1-0,home
09-04-2022,– Lens,Nice,3-0,home
09-04-2022,– Manchester City,Liverpool,2-2,draw
09-04-2022,– Elche,Real Sociedad,1-2,away
09-04-2022,– Strasbourg,Lyon,1-1,draw
09-04-2022,– Torino,Milan,0-0,draw
02-04-2022,– Leeds,Southampton,1-1,draw
02-04-2022,– Wolverhampton,Aston Villa,2-1,home
02-04-2022,– Stoke,Sheffield Utd,1-0,home
02-04-2022,– Levante,Villarreal,2-0,home
02-04-2022,– Nice,Rennes,1-1,draw
02-04-2022,– Dortmund,RB Leipzig,1-4,away
02-04-2022,– Celta Vigo,Real Madrid,1-2,away
02-04-2022,– St Etienne,Olympique Marseille,2-4,away
02-04-2022,– Strasbourg,Lens,1-0,home
02-04-2022,– Atalanta,Napoli,1-3,away
02-04-2022,– Udinese,Cagliari,5-1,home
02-04-2022,– Clermont,Nantes,2-3,away
02-04-2022,– Montpellier,Brest,1-2,away
02-04-2022,– Troyes,Reims,1-0,home
02-04-2022,– Augsburg,Wolfsburg,3-0,home
02-04-2022,– Birmingham,WBA,1-0,home
02-04-2022,– B. Monchengladbach,Mainz,1-1,draw
02-04-2022,– Sampdoria,Roma,0-1,away
02-04-2022,– Granada,Rayo Vallecano,2-2,draw
02-04-2022,– Juventus,Inter,0-1,away
26-03-2022,– Wimbledon,Cambridge Utd,0-1,away
26-03-2022,– Doncaster,Charlton,0-1,away
26-03-2022,– Ipswich,Plymouth,1-0,home
26-03-2022,– Shrewsbury,Lincoln,1-0,home
26-03-2022,– Bradford City,Newport,0-0,draw
26-03-2022,– Carlisle,Bristol Rovers,1-0,home
26-03-2022,– Colchester,Tranmere,1-0,home
26-03-2022,– Crawley,Rochdale,1-0,home
26-03-2022,– Leyton Orient,Barrow,2-0,home
26-03-2022,– Northampton,Hartlepool,2-0,home
26-03-2022,– Oldham,Mansfield,1-2,away
26-03-2022,– Port Vale,Sutton,2-0,home
26-03-2022,– Salford,Walsall,2-1,home
26-03-2022,– Scunthorpe,Harrogate,0-3,away
26-03-2022,– Gijon,Cartagena,4-1,home
26-03-2022,– Oviedo,Fuenlabrada,3-0,home
26-03-2022,– Mirandes,Ponferradina,3-1,home
26-03-2022,– Burgos,Tenerife,1-0,home
26-03-2022,– Malaga,Huesca,0-2,away
26-03-2022,– Alcorcon,Valladolid,1-2,away
19-03-2022,– Bristol City,WBA,2-2,draw
19-03-2022,– Huddersfield,Bournemouth,0-3,away
19-03-2022,– Hull,Luton,1-3,away
19-03-2022,– Reading,Blackburn,1-0,home
19-03-2022,– Stoke,Millwall,2-0,home
19-03-2022,– Swansea,Birmingham,0-0,draw
19-03-2022,– Elche,Valencia,0-1,away
19-03-2022,– Osasuna,Levante,3-1,home
19-03-2022,– Nantes,Lille,0-1,away
19-03-2022,– Rayo Vallecano,Atl. Madrid,0-1,away
19-03-2022,– Venezia,Sampdoria,0-2,away
19-03-2022,– Monaco,PSG,3-0,home
19-03-2022,– Crystal Palace,Everton,4-0,home
19-03-2022,– Bordeaux,Montpellier,0-2,away
19-03-2022,– Lorient,Strasbourg,0-0,draw
19-03-2022,– Empoli,Verona,1-1,draw
19-03-2022,– Leicester,Brentford,2-1,home
19-03-2022,– Wolfsburg,Leverkusen,0-2,away
19-03-2022,– Tottenham,West Ham,3-1,home
19-03-2022,– Roma,Lazio,3-0,home
12-03-2022,– Brentford,Burnley,2-0,home
12-03-2022,– Birmingham,Hull,0-0,draw
12-03-2022,– Blackpool,Swansea,1-0,home
12-03-2022,– Cardiff,Preston,0-0,draw
12-03-2022,– Coventry,Sheffield Utd,4-1,home
12-03-2022,– Millwall,Middlesbrough,0-0,draw
12-03-2022,– Peterborough,Stoke,2-2,draw
12-03-2022,– Granada CF,Elche,0-1,away
12-03-2022,– Montpellier,Nice,0-0,draw
12-03-2022,– Manchester Utd,Tottenham,3-2,home
12-03-2022,– Getafe,Valencia,0-0,draw
12-03-2022,– Troyes,Nantes,1-0,home
12-03-2022,– Luton,QPR,1-2,away
12-03-2022,– Rayo Vallecano,Sevilla,1-1,draw
12-03-2022,– Everton,Wolverhampton,0-1,away
12-03-2022,– West Ham,Aston Villa,2-1,home
12-03-2022,– Verona,Napoli,1-2,away
12-03-2022,– Betis,Ath Bilbao,1-0,home
12-03-2022,– Eintracht Frankfurt,Bochum,2-1,home
12-03-2022,– Udinese,AS Roma,1-1,draw
05-03-2022,– Aston Villa,Southampton,4-0,home
05-03-2022,– Newcastle,Brighton,2-1,home
05-03-2022,– Norwich,Brentford,1-3,away
05-03-2022,– Wolverhampton,Crystal Palace,0-2,away
05-03-2022,– Bristol City,Birmingham,1-2,away
05-03-2022,– Derby,Barnsley,2-0,home
05-03-2022,– Hull,West Brom,0-2,away
05-03-2022,– Middlesbrough,Luton,2-1,home
05-03-2022,– Preston,Bournemouth,2-1,home
05-03-2022,– QPR,Cardiff,1-2,away
05-03-2022,– Reading,Millwall,0-1,away
05-03-2022,– Stoke,Blackpool,0-1,away
05-03-2022,– Swansea,Coventry,3-1,home
05-03-2022,– AS Roma,Atalanta,1-0,home
05-03-2022,– Stuttgart,B. Monchengladbach,3-2,home
05-03-2022,– Cagliari,Lazio,0-3,away
05-03-2022,– Genoa,Empoli,0-0,draw
05-03-2022,– Bologna,Torino,0-0,draw
05-03-2022,– Grasshoppers,Servette,2-4,away
05-03-2022,– FC Koln,Hoffenheim,0-1,away
26-02-2022,– Brentford,Newcastle,0-2,away
26-02-2022,– Brighton,Aston Villa,0-2,away
26-02-2022,– Crystal Palace,Burnley,1-1,draw
26-02-2022,– Barnsley,Middlesbrough,3-2,home
26-02-2022,– Birmingham,Huddersfield,0-2,away
26-02-2022,– Blackpool,Reading,4-1,home
26-02-2022,– Coventry,Preston,1-1,draw
26-02-2022,– Millwall,Sheffield Utd,1-0,home
26-02-2022,– Peterborough,Hull,0-3,away
26-02-2022,– Dundee FC,Livingston,0-4,away
26-02-2022,– Ross County,St Johnstone,3-1,home
26-02-2022,– St. Mirren,Hearts,0-2,away
26-02-2022,– Sassuolo,Fiorentina,2-1,home
26-02-2022,– Strasbourg,Nice,0-0,draw
26-02-2022,– West Ham,Wolverhampton,1-0,home
26-02-2022,– Angers,Lens,1-2,away
26-02-2022,– Brest,Lorient,0-1,away
26-02-2022,– Clermont,Bordeaux,1-1,draw
26-02-2022,– Metz,Nantes,0-0,draw
26-02-2022,– Sevilla,Betis,2-1,home
19-02-2022,– Southampton,Everton,2-0,home
19-02-2022,– Bristol City,Middlesbrough,2-1,home
19-02-2022,– Cardiff,Blackpool,1-1,draw
19-02-2022,– Derby,Peterborough,1-0,home
19-02-2022,– Luton,WBA,2-0,home
19-02-2022,– Motherwell,Aberdeen,1-1,draw
19-02-2022,– Osasuna,Atl. Madrid,0-3,away
19-02-2022,– Lens,Olympique Lyon,1-1,draw
19-02-2022,– Koln,Eintracht Frankfurt,1-0,home
19-02-2022,– Cadiz,Getafe,1-1,draw
19-02-2022,– Fiorentina,Atalanta,1-0,home
19-02-2022,– Espanyol,Sevilla,1-1,draw
19-02-2022,– Leeds,Manchester Utd,2-4,away
19-02-2022,– Venezia,Genoa,1-1,draw
19-02-2022,– Lorient,Montpellier,0-1,away
19-02-2022,– Reims,Brest,1-1,draw
19-02-2022,– Valencia,Barcelona,1-4,away
19-02-2022,– Wolverhampton,Leicester,2-1,home
19-02-2022,– Udinese,Lazio,1-1,draw
19-02-2022,– Ath Bilbao,Sociedad,4-0,home
12-02-2022,– Brentford,Crystal Palace,0-0,draw
12-02-2022,– Everton,Leeds,3-0,home
12-02-2022,– Watford,Brighton,0-2,away
12-02-2022,– Barnsley,QPR,1-0,home
12-02-2022,– Birmingham,Luton,3-0,home
12-02-2022,– Blackpool,Bournemouth,1-2,away
12-02-2022,– Hull,Fulham,0-1,away
12-02-2022,– Millwall,Cardiff,2-1,home
12-02-2022,– Nottingham,Stoke,2-2,draw
12-02-2022,– Peterborough,Preston,0-1,away
12-02-2022,– Reading,Coventry,2-3,away
12-02-2022,– Wimbledon,Sunderland,1-1,draw
12-02-2022,– Burton,Cambridge Utd,2-2,draw
12-02-2022,– Lincoln,Wycombe,1-1,draw
12-02-2022,– Morecambe,Gillingham,1-1,draw
12-02-2022,– Plymouth,Shrewsbury,1-0,home
12-02-2022,– Sheffield Wed,Rotherham,0-2,away
12-02-2022,– Swansea,Bristol City,3-1,home
12-02-2022,– Newcastle,Aston Villa,1-0,home
12-02-2022,– Leicester,West Ham,2-2,draw
05-02-2022,– Everton,Brentford,4-1,home
05-02-2022,– Peterborough,QPR,2-0,home
05-02-2022,– Blackpool,Bristol City,3-1,home
05-02-2022,– Hull,Preston,0-1,away
05-02-2022,– Cambridge Utd,Luton,0-3,away
05-02-2022,– Swansea,Blackburn,1-0,home
05-02-2022,– Celta Vigo,Rayo Vallecano,2-0,home
05-02-2022,– Fortuna Sittard,Heerenveen,2-0,home
05-02-2022,– Zwolle,NEC,1-1,draw
05-02-2022,– Fiorentina,Lazio,0-3,away
05-02-2022,– Twente,Vitesse,3-0,home
05-02-2022,– Osasuna,Sevilla,0-0,draw
05-02-2022,– Monaco,Olympique Lyon,2-0,home
05-02-2022,– Valencia,Sociedad,0-0,draw
05-02-2022,– Bologna,Empoli,0-0,draw
05-02-2022,– Sampdoria,Sassuolo,4-0,home
05-02-2022,– Dortmund,Leverkusen,2-5,away
05-02-2022,– Barcelona,Atl. Madrid,4-2,home
05-02-2022,– Udinese,Torino,2-0,home
05-02-2022,– Betis,Villarreal,0-2,away
29-01-2022,– Barnsley,Bournemouth,0-1,away
29-01-2022,– Hull,Swansea,2-0,home
29-01-2022,– Luton,Blackburn,0-0,draw
29-01-2022,– Middlesbrough,Coventry,1-0,home
29-01-2022,– Millwall,WBA,2-0,home
29-01-2022,– Accrington,Morecambe,2-2,draw
29-01-2022,– Wimbledon,Shrewsbury,1-1,draw
29-01-2022,– Bolton,Sunderland,6-0,home
29-01-2022,– Fleetwood,Cambridge Utd,1-1,draw
29-01-2022,– Lincoln,Burton,1-2,away
29-01-2022,– Sheffield Wed,Ipswich,1-0,home
29-01-2022,– Wycombe,Milton Keynes Dons,0-1,away
29-01-2022,– Amorebieta,Girona,1-0,home
29-01-2022,– Lugo,Burgos CF,1-0,home
29-01-2022,– Peterborough,Sheffield Utd,0-2,away
29-01-2022,– Oviedo,Almeria,2-0,home
29-01-2022,– Derby,Birmingham,2-2,draw
29-01-2022,– Portimonense,Tondela,1-2,away
29-01-2022,– Vizela,Vitoria Guimaraes,3-2,home
29-01-2022,– Cardiff,Nottingham,2-1,home
22-01-2022,– Brentford,Wolverhampton,1-2,away
22-01-2022,– Leeds,Newcastle,0-1,away
22-01-2022,– Manchester Utd,West Ham,1-0,home
22-01-2022,– Blackpool,Millwall,1-0,home
22-01-2022,– Coventry,QPR,1-2,away
22-01-2022,– Reading,Huddersfield,3-4,away
22-01-2022,– Sheffield Utd,Luton,2-0,home
22-01-2022,– Stoke,Fulham,2-3,away
22-01-2022,– Swansea,Preston,1-0,home
22-01-2022,– Brest,Lille,2-0,home
22-01-2022,– Bochum,Koln,2-2,draw
22-01-2022,– Lazio,Atalanta,0-0,draw
22-01-2022,– Lens,Olympique Marseille,0-2,away
22-01-2022,– Cagliari,Fiorentina,1-1,draw
22-01-2022,– Granada,Osasuna,0-2,away
22-01-2022,– Leicester,Brighton,1-1,draw
22-01-2022,– Spezia,Sampdoria,1-0,home
22-01-2022,– Torino,Sassuolo,1-1,draw
22-01-2022,– Rayo Vallecano,Ath Bilbao,0-1,away
22-01-2022,– Milan,Juventus,0-0,draw
15-01-2022,– Sampdoria,Torino,1-2,away
15-01-2022,– Newcastle,Watford,1-1,draw
15-01-2022,– Norwich,Everton,2-1,home
15-01-2022,– Wolverhampton,Southampton,3-1,home
15-01-2022,– Cheltenham,Charlton,1-1,draw
15-01-2022,– Cardiff,Blackburn,0-1,away
15-01-2022,– Derby,Sheffield Utd,2-0,home
15-01-2022,– Huddersfield,Swansea,1-1,draw
15-01-2022,– Millwall,Nottingham,0-1,away
15-01-2022,– Peterborough,Coventry,1-4,away
15-01-2022,– Preston,Birmingham,1-1,draw
15-01-2022,– QPR,WBA,1-0,home
15-01-2022,– Aston Villa,Manchester Utd,2-2,draw
15-01-2022,– B. Monchengladbach,Leverkusen,1-2,away
15-01-2022,– Sassuolo,Verona,2-4,away
15-01-2022,– Hull,Stoke,0-2,away
15-01-2022,– Venezia,Empoli,1-1,draw
15-01-2022,– Augsburg,Eintracht Frankfurt,1-1,draw
15-01-2022,– Tottenham,Arsenal,Postp,postponed
15-01-2022,– Atalanta,Inter,0-0,draw
08-01-2022,– WBA,Brighton,1-1,draw
08-01-2022,– Wigan,Blackburn,3-2,home
08-01-2022,– Hull,Everton,2-2,draw
08-01-2022,– Swansea,Southampton,1-1,draw
08-01-2022,– Eintracht Frankfurt,Dortmund,2-3,away
08-01-2022,– Lens,Rennes,1-0,home
08-01-2022,– Empoli,Sassuolo,1-5,away
08-01-2022,– Brest,Nice,0-3,away
08-01-2022,– Rayo Vallecano,Betis,1-1,draw
08-01-2022,– Cardiff,Preston,1-1,draw
08-01-2022,– West Ham,Leeds,2-0,home
08-01-2022,– Clermont,Reims,0-0,draw
08-01-2022,– Metz,Strasbourg,0-2,away
08-01-2022,– Hertha Berlin,FC Koln,1-3,away
08-01-2022,– Nantes,Monaco,0-0,draw
08-01-2022,– Bochum,Wolfsburg,1-0,home
08-01-2022,– AEK,PAOK,Postp,postponed
08-01-2022,– AS Roma,Juventus,3-4,away
08-01-2022,– Genoa,Spezia,0-1,away
08-01-2022,– Alaves,Ath Bilbao,0-0,draw
01-01-2022,– Blackpool,Hull,1-0,home
01-01-2022,– Charlton,Wycombe,0-1,away
01-01-2022,– Crystal Palace,West Ham,2-3,away
01-01-2022,– Bristol City,Millwall,3-2,home
01-01-2022,– Valladolid,Leganes,1-0,home
01-01-2022,– Brentford,Aston Villa,2-1,home
01-01-2022,– Everton,Brighton,2-3,away
01-01-2022,– Leeds,Burnley,3-1,home
01-01-2022,– Birmingham,QPR,1-2,away
01-01-2022,– Blackburn,Huddersfield,0-0,draw
01-01-2022,– Shrewsbury,Sheffield Wed,1-0,home
01-01-2022,– Montpellier,Strasbourg,1-0,home
01-01-2022,– Elche,Granada,0-0,draw
01-01-2022,– Chelsea,Liverpool,2-2,draw
01-01-2022,– Huesca,Girona,0-1,away
01-01-2022,– Mirandes,Zaragoza,2-0,home
01-01-2022,– Alaves,Sociedad,1-1,draw
01-01-2022,– Vizela,Belenenses,2-0,home
01-01-2022,– Fuenlabrada,Ibiza,1-2,away
01-01-2022,– Tenerife,Las Palmas,0-1,away
26-12-2021,– Carlisle,Rochdale,Postp,postponed
26-12-2021,– Huddersfield,Blackpool,3-2,home
26-12-2021,– Hull,Blackburn,Postp,postponed
26-12-2021,– Middlesbrough,Nottingham,2-0,home
26-12-2021,– Cheltenham,Plymouth,0-2,away
26-12-2021,– Fleetwood,Shrewsbury,0-3,away
26-12-2021,– Lincoln,MK Dons,2-3,away
26-12-2021,– Mansfield,Hartlepool,3-2,home
26-12-2021,– Oldham,Scunthorpe,1-3,away
26-12-2021,– Tranmere,Barrow,2-0,home
26-12-2021,– Dundee Utd,Hibernian,1-3,away
26-12-2021,– Motherwell,Livingston,2-1,home
26-12-2021,– Ayr,Raith,2-0,home
26-12-2021,– Dunfermline,Arbroath,0-3,away
26-12-2021,– Hamilton,Kilmarnock,2-3,away
26-12-2021,– Torquay,Yeovil,3-0,home
26-12-2021,– Airdrie,Alloa,3-1,home
26-12-2021,– Kortrijk,Antwerp,Postp,postponed
26-12-2021,– Brighton,Brentford,2-0,home
26-12-2021,– Oostende,Genk,0-4,away
18-12-2021,– Blackburn,Birmingham,4-0,home
18-12-2021,– Blackpool,Peterborough,3-1,home
18-12-2021,– Bristol City,Huddersfield,2-3,away
18-12-2021,– Nottingham,Hull,2-1,home
18-12-2021,– Bologna,Juventus,0-2,away
18-12-2021,– Leeds,Arsenal,1-4,away
18-12-2021,– Cagliari,Udinese,0-4,away
18-12-2021,– Sevilla,Atl. Madrid,2-1,home
18-12-2021,– Fiorentina,Sassuolo,2-2,draw
18-12-2021,– Hannover,Werder Bremen,1-4,away
18-12-2021,– Jahn Regensburg,Darmstadt,0-2,away
18-12-2021,– Karlsruher,Hansa,2-2,draw
18-12-2021,– Granada,Mallorca,4-1,home
18-12-2021,– Spezia,Empoli,1-1,draw
18-12-2021,– Freiburg,Leverkusen,2-1,home
18-12-2021,– Eupen,Charleroi,0-4,away
18-12-2021,– Ath Bilbao,Betis,3-2,home
18-12-2021,– Boavista,Moreirense,1-0,home
18-12-2021,– Getafe,Osasuna,1-0,home
18-12-2021,– Sepsi,FCSB,0-0,draw
11-12-2021,– Birmingham,Cardiff,2-2,draw
11-12-2021,– Derby,Blackpool,1-0,home
11-12-2021,– Hull,Bristol City,2-2,draw
11-12-2021,– Luton,Fulham,1-1,draw
11-12-2021,– Peterborough,Millwall,2-1,home
11-12-2021,– Preston,Barnsley,2-1,home
11-12-2021,– Stoke,Middlesbrough,0-0,draw
11-12-2021,– Swansea,Nottingham,1-4,away
11-12-2021,– Alaves,Getafe,1-1,draw
11-12-2021,– Udinese,AC Milan,1-1,draw
11-12-2021,– Ath Bilbao,Sevilla,0-1,away
11-12-2021,– Torino,Bologna,2-1,home
11-12-2021,– Burnley,West Ham,0-0,draw
11-12-2021,– Verona,Atalanta,1-2,away
11-12-2021,– Crystal Palace,Everton,3-1,home
11-12-2021,– Eintracht Frankfurt,Bayer Leverkusen,5-2,home
11-12-2021,– Sassuolo,Lazio,2-1,home
11-12-2021,– Alcorcon,Cartagena,1-1,draw
11-12-2021,– Betis,Real Sociedad,4-0,home
11-12-2021,– Real Madrid,Atl. Madrid,2-0,home
04-12-2021,– Newcastle,Burnley,1-0,home
04-12-2021,– Southampton,Brighton,1-1,draw
04-12-2021,– Barnsley,Huddersfield,1-1,draw
04-12-2021,– Blackburn,Preston,1-0,home
04-12-2021,– Blackpool,Luton,0-3,away
04-12-2021,– Bristol City,Derby,1-0,home
04-12-2021,– Cardiff,Sheffield Utd,2-3,away
04-12-2021,– Middlesbrough,Swansea,1-0,home
04-12-2021,– Millwall,Birmingham,3-1,home
04-12-2021,– Reading,Hull,1-1,draw
04-12-2021,– Roma,Inter,0-3,away
04-12-2021,– Napoli,Atalanta,2-3,away
04-12-2021,– Bologna,Fiorentina,2-3,away
04-12-2021,– Leeds,Brentford,2-2,draw
04-12-2021,– Spezia,Sassuolo,2-2,draw
04-12-2021,– Venezia,Verona,3-4,away
04-12-2021,– QPR,Stoke,0-2,away
04-12-2021,– Aston Villa,Leicester,2-1,home
04-12-2021,– Sampdoria,Lazio,1-3,away
04-12-2021,– Celta Vigo,Valencia,1-2,away
27-11-2021,– Crystal Palace,Aston Villa,1-2,away
27-11-2021,– Norwich,Wolverhampton,0-0,draw
27-11-2021,– Dundee,Motherwell,3-0,home
27-11-2021,– Ross County,Dundee Utd,1-1,draw
27-11-2021,– St Johnstone,Hibernian,1-2,away
27-11-2021,– Valencia,Rayo Vallecano,1-1,draw
27-11-2021,– Juventus,Atalanta,0-1,away
27-11-2021,– Brighton,Leeds,0-0,draw
27-11-2021,– Mallorca,Getafe,0-0,draw
27-11-2021,– Fortuna Sittard,Groningen,1-4,away
27-11-2021,– Zwolle,RKC Waalwijk,0-0,draw
27-11-2021,– Villarreal,Barcelona,1-3,away
27-11-2021,– Udinese,Genoa,0-0,draw
27-11-2021,– Brentford,Everton,1-0,home
27-11-2021,– Burnley,Tottenham,Postp,postponed
27-11-2021,– Spezia,Bologna,0-1,away
27-11-2021,– Bordeaux,Brest,1-2,away
27-11-2021,– Reims,Clermont,1-0,home
27-11-2021,– Eintracht Frankfurt,Union Berlin,2-1,home
27-11-2021,– Espanyol,Sociedad,1-0,home
20-11-2021,– Aston Villa,Brighton,2-0,home
20-11-2021,– Burnley,Crystal Palace,3-3,draw
20-11-2021,– Newcastle,Brentford,3-3,draw
20-11-2021,– Norwich,Southampton,2-1,home
20-11-2021,– Wolverhamton,West Ham,1-0,home
20-11-2021,– Bristol City,Blackburn,1-1,draw
20-11-2021,– Huddersfield,WBA,1-0,home
20-11-2021,– Hull,Birmingham,2-0,home
20-11-2021,– Middlesbrough,Millwall,1-1,draw
20-11-2021,– Preston,Cardiff,1-2,away
20-11-2021,– Reading,Nottingham,1-1,draw
20-11-2021,– Swansea,Blackpool,1-1,draw
20-11-2021,– Lazio,Juventus,0-2,away
20-11-2021,– Union Berlin,Hertha Berlin,2-0,home
20-11-2021,– Fiorentina,Milan,4-3,home
20-11-2021,– Salernitana,Sampdoria,0-2,away
20-11-2021,– Freiburg,Eintracht Frankfurt,0-2,away
20-11-2021,– Mainz,Koln,1-1,draw
20-11-2021,– Inter,Napoli,3-2,home
20-11-2021,– Elche,Betis,0-3,away
13-11-2021,– Accrington,Plymouth,1-4,away
13-11-2021,– Burton,Charlton,0-1,away
13-11-2021,– Ipswich,Oxford Utd,0-0,draw
13-11-2021,– Wycombe,Portsmouth,0-1,away
13-11-2021,– Bristol Rovers,Northampton,2-1,home
13-11-2021,– Rochdale,Leyton Orient,2-2,draw
13-11-2021,– Stevenage,Mansfield,1-1,draw
13-11-2021,– Tranmere,Sutton,0-1,away
13-11-2021,– Walsall,Harrogate,1-3,away
13-11-2021,– Arbroath,Queen of South,1-1,draw
13-11-2021,– Ayr,Partick Thistle,0-4,away
13-11-2021,– Hamilton,Raith,0-3,away
13-11-2021,– Morton,Kilmarnock,0-2,away
13-11-2021,– Mirandes,Huesca,0-1,away
13-11-2021,– Las Palmas,Zaragoza,2-3,away
13-11-2021,– Amorebieta,Lugo,1-3,away
13-11-2021,– Ibiza,Almeria,0-1,away
13-11-2021,– Burgos CF,Ponferradina,1-0,home
13-11-2021,– Leganes,R. Oviedo,0-0,draw
13-11-2021,– Excelsior,Almere City,4-4,draw
06-11-2021,– Crystal Palace,Wolverhampton,2-0,home
06-11-2021,– Celta Vigo,Barcelona,3-3,draw
06-11-2021,– Lille,Angers,1-1,draw
06-11-2021,– RB Leipzig,Dortmund,2-1,home
06-11-2021,– Alaves,Levante,2-1,home
06-11-2021,– Everton,Tottenham,0-0,draw
06-11-2021,– Leeds,Leicester,1-1,draw
06-11-2021,– Sampdoria,Bologna,1-2,away
06-11-2021,– Udinese,Sassuolo,3-2,home
06-11-2021,– Lorient,Brest,1-2,away
06-11-2021,– Nantes,Strasbourg,2-2,draw
06-11-2021,– St Etienne,Clermont,3-2,home
06-11-2021,– Hertha,Leverkusen,1-1,draw
06-11-2021,– Valencia,Atl. Madrid,3-3,draw
06-11-2021,– FC Koln,Union Berlin,2-2,draw
06-11-2021,– Mallorca,Elche,2-2,draw
06-11-2021,– Osasuna,Sociedad,0-2,away
06-11-2021,– Milan,Inter,1-1,draw
06-11-2021,– Rennes,Olympique Lyon,4-1,home
06-11-2021,– Betis,Sevilla,0-2,away
30-10-2021,– Burnley,Brentford,3-1,home
30-10-2021,– Watford,Southampton,0-1,away
30-10-2021,– Bristol City,Barnsley,2-1,home
30-10-2021,– Derby,Blackburn,1-2,away
30-10-2021,– Huddersfield,Millwall,1-0,home
30-10-2021,– Hull,Coventry,0-1,away
30-10-2021,– Middlesbrough,Birmingham,0-2,away
30-10-2021,– Preston,Luton,2-0,home
30-10-2021,– Metz,St Etienne,1-1,draw
30-10-2021,– Tottenham,Manchester Utd,0-3,away
30-10-2021,– Eintracht Frankfurt,RB Leipzig,1-1,draw
30-10-2021,– Angers,Nice,1-2,away
30-10-2021,– Norwich,Leeds,1-2,away
30-10-2021,– Bordeaux,Reims,3-2,home
30-10-2021,– Montpellier,Nantes,2-0,home
30-10-2021,– Strasbourg,Lorient,4-0,home
30-10-2021,– Augsburg,Stuttgart,4-1,home
30-10-2021,– Maritimo,Gil Vicente,1-2,away
30-10-2021,– Aston Villa,West Ham,1-4,away
30-10-2021,– Clermont,Olympique Marseille,0-1,away
23-10-2021,– Crystal Palace,Newcastle,1-1,draw
23-10-2021,– Leeds,Wolverhampton,1-1,draw
23-10-2021,– Southampton,Burnley,2-2,draw
23-10-2021,– Cadiz,Alaves,0-2,away
23-10-2021,– Hertha,B. Monchengladbach,1-0,home
23-10-2021,– Bologna,Milan,2-4,away
23-10-2021,– Ath Bilbao,Villarreal,2-1,home
23-10-2021,– Nice,Olympique Lyon,3-2,home
23-10-2021,– Elche,Espanyol,2-2,draw
23-10-2021,– Brentford,Leicester,1-2,away
23-10-2021,– West Ham,Tottenham,1-0,home
23-10-2021,– Verona,Lazio,4-1,home
23-10-2021,– Reims,Troyes,1-2,away
23-10-2021,– Koln,Leverkusen,2-2,draw
23-10-2021,– Barcelona,Real Madrid,1-2,away
23-10-2021,– Manchester Utd,Liverpool,0-5,away
23-10-2021,– Stuttgart,Union Berlin,1-1,draw
23-10-2021,– Roma,Napoli,0-0,draw
23-10-2021,– Bochum,Eintracht Frankfurt,2-0,home
23-10-2021,– Inter,Juventus,1-1,draw
16-10-2021,– Aston Villa,Wolverhampton,2-3,away
16-10-2021,– Leicester,Manchester Utd,4-2,home
16-10-2021,– Norwich,Brighton,0-0,draw
16-10-2021,– Southampton,Leeds,1-0,home
16-10-2021,– Clermont,Lille,1-0,home
16-10-2021,– Lazio,Inter,3-1,home
16-10-2021,– Levante,Getafe,1-1,draw
16-10-2021,– Olympique Lyon,Monaco,2-0,home
16-10-2021,– Cagliari,Sampdoria,3-1,home
16-10-2021,– Troyes,Nice,1-0,home
16-10-2021,– Everton,West Ham,0-1,away
16-10-2021,– Genoa,Sassuolo,2-2,draw
16-10-2021,– Udinese,Bologna,1-1,draw
16-10-2021,– Bordeaux,Nantes,1-1,draw
16-10-2021,– Brest,Reims,1-1,draw
16-10-2021,– Strasbourg,St Etienne,5-1,home
16-10-2021,– Celta Vigo,Sevilla,0-1,away
16-10-2021,– Montpellier,Lens,1-0,home
16-10-2021,– Newcastle,Tottenham,2-3,away
16-10-2021,– Augsburg,Bielefeld,1-1,draw
09-10-2021,– Plymouth,Burton,2-1,home
09-10-2021,– Sheffield Wed,Bolton,1-0,home
09-10-2021,– Barrow,Leyton,1-1,draw
09-10-2021,– Hartlepool,Northampton,2-1,home
09-10-2021,– Newport,Bradford,0-0,draw
09-10-2021,– Sutton,Port Vale,4-3,home
09-10-2021,– Stevenage,Exeter,2-2,draw
09-10-2021,– Lugo,Girona,1-0,home
09-10-2021,– Mirandes,Eibar,3-3,draw
09-10-2021,– Azerbaijan,R.Ireland,0-3,away
09-10-2021,– Georgia,Greece,0-2,away
09-10-2021,– Finland,Ukraine,1-2,away
09-10-2021,– Scotland,Israel,3-2,home
09-10-2021,– Hungary,Albania,0-1,away
09-10-2021,– Oviedo,Gijon,1-1,draw
09-10-2021,– Cincinnati,Philadelphia,1-2,away
09-10-2021,– Sociedad II,Ponferradina,1-1,draw
09-10-2021,– Cartagena,Ibiza,5-1,home
09-10-2021,– Alcorcon,Burgos,1-0,home
09-10-2021,– Fuenlabrada,Leganes,2-1,home
02-10-2021,– Burnley,Norwich,0-0,draw
02-10-2021,– Mallorca,Levante,1-0,home
02-10-2021,– Montpellier,Strasbourg,1-1,draw
02-10-2021,– Torino,Juventus,0-1,away
02-10-2021,– Brighton,Arsenal,0-0,draw
02-10-2021,– Cadiz,Valencia,0-0,draw
02-10-2021,– Atl. Madrid,Barcelona,2-0,home
02-10-2021,– Bologna,Lazio,3-0,home
02-10-2021,– Elche,Celta,1-0,home
02-10-2021,– Crystal Palace,Leicester,2-2,draw
02-10-2021,– Tottenham,Aston Villa,2-1,home
02-10-2021,– Sampdoria,Udinese,3-3,draw
02-10-2021,– Angers,Metz,3-2,home
02-10-2021,– Lorient,Clermont,1-1,draw
02-10-2021,– Mainz,Union Berlin,1-2,away
02-10-2021,– Lille,Olympique Marseille,2-0,home
02-10-2021,– Liverpool,Manchester City,2-2,draw
02-10-2021,– Getafe,Sociedad,1-1,draw
02-10-2021,– Villarreal,Betis,2-0,home
02-10-2021,– Atalanta,Milan,2-3,away
25-09-2021,– Leeds,West Ham,1-2,away
25-09-2021,– Watford,Newcastle,1-1,draw
25-09-2021,– Birmingham,Preston,0-0,draw
25-09-2021,– Blackburn,Cardiff,5-1,home
25-09-2021,– Blackpool,Barnsley,1-0,home
25-09-2021,– Nottingham,Millwall,1-1,draw
25-09-2021,– Swansea,Huddersfield,1-0,home
25-09-2021,– Valencia,Ath Bilbao,1-1,draw
25-09-2021,– Inter,Atalanta,2-2,draw
25-09-2021,– Hansa Rostock,Schalke,0-2,away
25-09-2021,– Genoa,Verona,3-3,draw
25-09-2021,– Dynamo Dresden,Werder,3-0,home
25-09-2021,– Mallorca,Osasuna,2-3,away
25-09-2021,– Southampton,Wolverhampton,0-1,away
25-09-2021,– Empoli,Bologna,4-2,home
25-09-2021,– Udinese,Fiorentina,0-1,away
25-09-2021,– Bochum,Stuttgart,0-0,draw
25-09-2021,– Arsenal,Tottenham,3-1,home
25-09-2021,– Lazio,AS Roma,3-2,home
25-09-2021,– Brann,Kristiansund,3-1,home
18-09-2021,– Burnley,Arsenal,0-1,away
18-09-2021,– Norwich,Watford,1-3,away
18-09-2021,– Millwall,Coventry,1-1,draw
18-09-2021,– Peterborough,Birmingham,3-0,home
18-09-2021,– Preston,West Brom,1-1,draw
18-09-2021,– Lens,Lille,1-0,home
18-09-2021,– Aston Villa,Everton,3-0,home
18-09-2021,– Elche,Levante,1-1,draw
18-09-2021,– Alaves,Osasuna,0-2,away
18-09-2021,– St Etienne,Bordeaux,1-2,away
18-09-2021,– Empoli,Sampdoria,0-3,away
18-09-2021,– Nice,Monaco,2-2,draw
18-09-2021,– Mallorca,Villarreal,0-0,draw
18-09-2021,– Brighton,Leicester,2-1,home
18-09-2021,– Venezia,Spezia,1-2,away
18-09-2021,– Reims,Lorient,0-0,draw
18-09-2021,– Troyes,Montpellier,1-1,draw
18-09-2021,– Stuttgart,Bayer Leverkusen,1-3,away
18-09-2021,– Real Sociedad,Sevilla,0-0,draw
18-09-2021,– Juventus,AC Milan,1-1,draw
11-09-2021,– Brentford,Brighton,0-1,away
11-09-2021,– Southampton,West Ham,0-0,draw
11-09-2021,– Watford,Wolverhampton,0-2,away
11-09-2021,– Blackburn,Luton,2-2,draw
11-09-2021,– Bristol City,Preston,0-0,draw
11-09-2021,– Coventry,Middlesbrough,2-0,home
11-09-2021,– Reading,QPR,3-3,draw
11-09-2021,– Swansea,Hull,0-0,draw
11-09-2021,– Napoli,Juventus,2-1,home
11-09-2021,– RB Leipzig,Bayern Munich,1-4,away
11-09-2021,– Levante,Rayo Vallecano,1-1,draw
11-09-2021,– AZ Alkmaar,PSV,0-3,away
11-09-2021,– Espanyol,Atl. Madrid,1-2,away
11-09-2021,– Cagliari,Genoa,2-3,away
11-09-2021,– Spezia,Udinese,0-1,away
11-09-2021,– Notti.Forest,Cardiff,1-2,away
11-09-2021,– Eintracht Frankfurt,Stuttgart,1-1,draw
11-09-2021,– Osasuna,Valencia,1-4,away
11-09-2021,– Bochum,Hertha Berlin,1-3,away
11-09-2021,– Milan,Lazio,2-0,home
04-09-2021,– Eibar,Leganes,1-1,draw
04-09-2021,– Accrington,Shrewsbury,1-0,home
04-09-2021,– Wimbledon,Oxford,3-1,home
04-09-2021,– Cheltenham,Milton Keynes Dons,1-1,draw
04-09-2021,– Operario PR,Vitoria,0-1,away
04-09-2021,– Magdeburg,Kaiserslautern,1-0,home
04-09-2021,– Cartagena,Sociedad II,1-0,home
04-09-2021,– Tenerife,Ponferradina,2-0,home
04-09-2021,– Fuenlabrada,Lugo,1-1,draw
04-09-2021,– Nautico,Guarani,1-1,draw
04-09-2021,– Tochigi,Yamaguchi,3-2,home
04-09-2021,– Omiya Ardija,Tokyo Verdy,2-1,home
04-09-2021,– Burgos,Valladolid,3-0,home
04-09-2021,– Ibiza,Amorebieta,1-1,draw
04-09-2021,– ADO Den Haag,Eindhoven,4-2,home
04-09-2021,– Alcorcon,Zaragoza,1-2,away
04-09-2021,– Mirandes,Las Palmas,4-2,home
04-09-2021,– Dordrecht,VVV Venlo,0-1,away
04-09-2021,– Brazil,Argentina,Abn,unknown
04-09-2021,– Ecuador,Chile,0-0,draw
28-08-2021,– Aston Villa,Brentford,1-1,draw
28-08-2021,– Brighton,Everton,0-2,away
28-08-2021,– Newcastle,Southampton,2-2,draw
28-08-2021,– Barnsley,Birmingham,1-1,draw
28-08-2021,– Huddersfield,Reading,4-0,home
28-08-2021,– Hull,Bournemouth,0-0,draw
28-08-2021,– Luton,Sheffield Utd,0-0,draw
28-08-2021,– Middlesbrough,Blackburn,1-1,draw
28-08-2021,– Preston,Swansea,3-1,home
28-08-2021,– QPR,Coventry,2-0,home
28-08-2021,– Celta Vigo,Ath Bilbao,0-1,away
28-08-2021,– Liverpool,Chelsea,1-1,draw
28-08-2021,– Cambuur,Twente,2-0,home
28-08-2021,– Go Head,Sparta,2-0,home
28-08-2021,– Fiorentina,Torino,2-1,home
28-08-2021,– Willem II,Zwolle,1-0,home
28-08-2021,– Utrecht,Feyenoord,3-1,home
28-08-2021,– Burnley,Leeds,1-1,draw
28-08-2021,– Union Berlin,B. Monchengladbach,2-1,home
28-08-2021,– Wolfsburg,RB Leipzig,1-0,home
21-08-2021,– Bochum,Mainz,2-0,home
21-08-2021,– Greuther Furth,Bielefeld,1-1,draw
21-08-2021,– Hertha,Wolfsburg,1-2,away
21-08-2021,– Crystal Palace,Brentford,0-0,draw
21-08-2021,– Leeds,Everton,2-2,draw
21-08-2021,– RFC Seraing,Cercle Brugge,2-1,home
21-08-2021,– Leverkusen,B. Monchengladbach,4-0,home
21-08-2021,– Verona,Sassuolo,2-3,away
21-08-2021,– Leuven,Eupen,1-4,away
21-08-2021,– Groningen,Utrecht,0-0,draw
21-08-2021,– St Etienne,Lille,1-1,draw
21-08-2021,– Ath Bilbao,Barcelona,1-1,draw
21-08-2021,– Wolverhampton,Tottenham,0-1,away
21-08-2021,– Bordeaux,Angers,1-1,draw
21-08-2021,– Metz,Reims,1-1,draw
21-08-2021,– Montpellier,Lorient,3-1,home
21-08-2021,– Strasbourg,Troyes,1-1,draw
21-08-2021,– Hoffenheim,Union Berlin,2-2,draw
21-08-2021,– Nice,Olympique Marseille,Abn,unknown
21-08-2021,– Mechelen,St. Gilloise,3-1,home
14-08-2021,– Burnley,Brighton,1-2,away
14-08-2021,– Watford,Aston Villa,3-2,home
14-08-2021,– Barnsley,Coventry,1-0,home
14-08-2021,– Birmingham,Stoke,0-0,draw
14-08-2021,– Blackpool,Cardiff,0-2,away
14-08-2021,– Hull,QPR,0-3,away
14-08-2021,– Millwall,Blackburn,1-1,draw
14-08-2021,– Nottingham,Bournemouth,1-2,away
14-08-2021,– Reading,Preston,2-1,home
14-08-2021,– Vizela,Tondela,2-1,home
14-08-2021,– Swansea,Sheffield Utd,0-0,draw
14-08-2021,– Braga,Sporting,1-2,away
14-08-2021,– Newcastle,West Ham,2-4,away
14-08-2021,– Brest,Rennes,1-1,draw
14-08-2021,– Clermont,Troyes,2-0,home
14-08-2021,– Nantes,Metz,2-0,home
14-08-2021,– Reims,Montpellier,3-3,draw
14-08-2021,– Portimonense,Gil Vicente,0-1,away
14-08-2021,– Lens,St Etienne,2-2,draw
14-08-2021,– FC Koln,Hertha Berlin,3-1,home
07-08-2021,– St. Mirren,Hearts,1-2,away
07-08-2021,– Beerschot VA,St. Gilloise,0-3,away
07-08-2021,– Arouca,Estoril,0-2,away
07-08-2021,– Arsenal Tula,Krylya Sovetov,2-1,home
07-08-2021,– Avustria Kl.,Hartberg,4-3,home
07-08-2021,– Ried,Admira,2-1,home
07-08-2021,– Manchester City,Leicester,0-1,away
07-08-2021,– St. Truiden,Zulte-Waregem,1-3,away
07-08-2021,– Grasshoppers,Lausanne,3-1,home
07-08-2021,– Standard,Antwerp,2-5,away
07-08-2021,– Lugano,St. Gallen,2-1,home
07-08-2021,– St Etienne,Lorient,1-1,draw
07-08-2021,– Livingston,Aberdeen,1-2,away
07-08-2021,– Leuven,Charleroi,1-1,draw
07-08-2021,– Tondela,Santa Clara,3-0,home
07-08-2021,– Goteborg,Hammarby TFF,0-0,draw
07-08-2021,– Sandefjord,Lillestrom,1-1,draw
07-08-2021,– Dynamo Moscow,CSKA,2-1,home
07-08-2021,– Stabaek,Sarpsborg 08,3-1,home
07-08-2021,– Montpellier,Olympique Marseille,2-3,away
31-07-2021,– Degerfors,Varbergs,1-1,draw
31-07-2021,– Cercle Brugge,Leuven,1-1,draw
31-07-2021,– RFC Seraing,Mechelen,1-0,home
31-07-2021,– CSKA,Lokomotiv Moscow,1-2,away
31-07-2021,– Eupen,Anderlecht,1-1,draw
31-07-2021,– Sligo,Dundalk,Postp,postponed
31-07-2021,– New York,New England,2-3,away
31-07-2021,– Cincinnati,DC United,0-0,draw
31-07-2021,– Houston,Salt Lake,0-0,draw
31-07-2021,– Austin,Colorado,0-1,away
31-07-2021,– Vancouver,Minnesota,2-2,draw
31-07-2021,– Erzgebirge Aue,St. Pauli,0-0,draw
31-07-2021,– Holstein Kiel,Schalke,0-3,away
31-07-2021,– Aarhus,Randers,1-2,away
31-07-2021,– Silkeborg,Aalborg,0-0,draw
31-07-2021,– Zulte-Waregem,St. Liege,1-2,away
31-07-2021,– Vejle Kolding,Brondby,2-2,draw
31-07-2021,– Motherwell,Hibernian,2-3,away
31-07-2021,– Kalmar,Mjallby,1-0,home
31-07-2021,– Odense,Copenhagen,0-2,away
24-07-2021,– Luzern,Young Boys,3-4,away
24-07-2021,– Aalborg,Midtjylland,0-1,away
24-07-2021,– Beerschot VA,Cercle Brugge,Abn,unknown
24-07-2021,– Amiens,Auxerre,1-2,away
24-07-2021,– Caen,Rodez,4-0,home
24-07-2021,– Grenoble,Paris,0-4,away
24-07-2021,– Toulouse,Ajaccio,2-2,draw
24-07-2021,– Valenciennes,Niort,0-0,draw
24-07-2021,– Werder Bremen,Hannover,1-1,draw
24-07-2021,– Lausanne,St. Gallen,1-2,away
24-07-2021,– Oostende,Charleroi,0-3,away
24-07-2021,– Viktoria Berlin,Viktoria Koln,2-1,home
24-07-2021,– Sandhausen,Fortuna Dusseldorf,0-2,away
24-07-2021,– St. Pauli,Holstein Kiel,3-0,home
24-07-2021,– Mechelen,Antwerp,3-2,home
24-07-2021,– Verl,Turkgucu,0-0,draw
24-07-2021,– Nordsjaelland,Aarhus,0-0,draw
24-07-2021,– Randers,Odense,1-1,draw
24-07-2021,– Lugano,Zurich,0-2,away
24-07-2021,– Kalmar,Djurgarden,0-1,away
17-07-2021,– Varnamo,Osters,2-0,home
17-07-2021,– Odd Grenland,Viking,3-2,home
17-07-2021,– Sarpsborg 08,Bodo,2-2,draw
17-07-2021,– Ceara,Athletico-PR,1-0,home
17-07-2021,– Atlanta Utd,New England,0-1,away
17-07-2021,– Corinthians,Atletico-MG,1-2,away
17-07-2021,– Montreal,Cincinnati,5-4,home
17-07-2021,– Columbus Crew,New York City,2-1,home
17-07-2021,– Toronto,Orlando City,1-1,draw
17-07-2021,– AFC Eskilstuna,Sundsvall,2-0,home
17-07-2021,– Nordsjaelland,Viborg,1-2,away
17-07-2021,– Vejle Kolding,Randers FC,0-2,away
17-07-2021,– Norrkoping,Hacken,0-1,away
17-07-2021,– Vasteras,Helsingborg,0-4,away
17-07-2021,– AIK,Kalmar,2-0,home
17-07-2021,– Goteborg,Mjallby,3-2,home
17-07-2021,– Brann,Mjondalen,1-1,draw
17-07-2021,– Haugesund,Valerenga,3-1,home
17-07-2021,– Kristiansund,Sandefjord,2-0,home
17-07-2021,– Tromso,Rosenborg,1-3,away
10-07-2021,– JIPPO,MuSa,1-1,draw
10-07-2021,– KPV,Klubi 04,2-2,draw
10-07-2021,– Mjondalen,Haugesund,3-0,home
10-07-2021,– Sandefjord,Sarpsborg 08,2-0,home
10-07-2021,– Cluj,CS Universitatea,0-0,draw
10-07-2021,– Brann,Tromso,1-1,draw
10-07-2021,– Botafogo RJ,Cruzeiro,3-3,draw
10-07-2021,– Confianca,Vitoria,1-1,draw
10-07-2021,– Brazil,Argentina,1-0,home
10-07-2021,– Tokushima,Shimizu SP,2-2,draw
10-07-2021,– Blaublitz,JEF United,1-1,draw
10-07-2021,– V-Varen Nagasaki,Omiya Ardija,1-1,draw
10-07-2021,– Kashiwa R.,Kashima A.,2-1,home
10-07-2021,– Bellmare S.,Tokyo,0-1,away
10-07-2021,– Kanazawa,Okayama,0-0,draw
10-07-2021,– M.Zelvia,Mito Hollyhock,2-1,home
10-07-2021,– Kusatsu,Tokyo Verdy,2-2,draw
10-07-2021,– Mjallby,Norrkoping,0-1,away
10-07-2021,– Ostersunds,Goteborg,2-3,away
10-07-2021,– Brusque,CSA,2-3,away
03-07-2021,– Norrkoping,Malmo,3-2,home
03-07-2021,– Czech Republic,Denmark,1-2,away
03-07-2021,– Columbus,New England,2-2,draw
03-07-2021,– Uruguay,Colombia,0-0,draw
03-07-2021,– Montreal,Inter Miami,1-0,home
03-07-2021,– Chicago,Atlanta Utd,3-0,home
03-07-2021,– Nashville,Philadelphia,1-0,home
03-07-2021,– Houston,Cincinnati,1-1,draw
03-07-2021,– Salt Lake,Los Angeles,0-1,away
03-07-2021,– Vanraure,Fujieda,1-0,home
03-07-2021,– Sapporo,Tokushima,1-0,home
03-07-2021,– Yokohama SK,Kamatamare,1-2,away
03-07-2021,– Shimizu SP,Oita Trinita,1-0,home
03-07-2021,– Ehime,Blaublitz,1-3,away
03-07-2021,– Parceiro N.,Gifu,2-1,home
03-07-2021,– Hacken,AIK,2-1,home
03-07-2021,– Varbergs BoIS FC,Kalmar,1-1,draw
03-07-2021,– Sirius,Mjallby,2-1,home
03-07-2021,– Colorado,Seattle,1-1,draw
03-07-2021,– Los Angeles Galaxy,Kansas City,0-2,away
18-06-2021,– Croatia,Czech Republic,1-1,draw
18-06-2021,– Bohemians,Drogheda,5-0,home
18-06-2021,– St. Patricks,Sligo Rovers,2-0,home
18-06-2021,– Finn Harps,Derry City,1-2,away
18-06-2021,– New York,Nashville,2-0,home
18-06-2021,– Fukuoka,Vissel Kobe,1-2,away
18-06-2021,– Yokohama FC,Tokyo,0-1,away
18-06-2021,– Sandefjord,Viking,3-0,home
18-06-2021,– Portugal,Germany,2-4,away
18-06-2021,– Dinamo Minsk,Bate Borisov,0-2,away
18-06-2021,– Cincinnati,Colorado,0-2,away
18-06-2021,– Toronto,Orlando City,2-3,away
18-06-2021,– Los Angeles Galaxy,Seattle,1-2,away
18-06-2021,– Portland,Kansas City,2-1,home
18-06-2021,– Mjondalen,Stromsgodset,1-1,draw
18-06-2021,– Switzerland,Turkey,3-1,home
18-06-2021,– Bahia,Corinthians,0-0,draw
18-06-2021,– Santos,Sao Paulo,2-0,home
18-06-2021,– Athletico-PR,Atletico GO,2-1,home
18-06-2021,– Fortaleza CE,Fluminense,1-1,draw
12-06-2021,– Kristiansund,Odd Grenland,2-0,home
12-06-2021,– Landskrona,Brage,2-1,home
12-06-2021,– Orgryte,Jonkopings Sodra,0-0,draw
12-06-2021,– Akropolis,Vasalunds,3-2,home
12-06-2021,– Sligo Rovers,Drogheda,1-2,away
12-06-2021,– JEF United,Tokyo Verdy,0-1,away
12-06-2021,– V-Varen Nagasaki,Yamaga,1-0,home
12-06-2021,– Brisbane Roar,Adelaide,1-2,away
12-06-2021,– Jubilo Iwata,Kofu,1-0,home
12-06-2021,– M.Zelvia,Blaublitz,0-2,away
12-06-2021,– Bellmare S.,Tokyo,1-4,away
12-06-2021,– Urawa RD,Vissel Kobe,2-2,draw
12-06-2021,– Ehime,Kanazawa,1-3,away
12-06-2021,– Omiya Ardija,Tochigi,1-1,draw
12-06-2021,– Varnamo,Trelleborgs,0-1,away
12-06-2021,– Stockport,Hartlepool,0-1,away
12-06-2021,– Lillestrom,Haugesund,2-1,home
12-06-2021,– Sarpsborg 08,Brann,0-0,draw
12-06-2021,– Viking,Valerenga,4-1,home
12-06-2021,– Rayo Vallecano,Girona,1-2,away
05-06-2021,– Belchatow,Jastrzebie,0-2,away
05-06-2021,– Resovia,Chrobry Glogow,1-0,home
05-06-2021,– Cobresal,Union La Calera,0-1,away
05-06-2021,– Orgryte,Varnamo,0-0,draw
05-06-2021,– Palestino,Universitad Chile,0-0,draw
05-06-2021,– Atletico GO,Sao Paulo,2-0,home
05-06-2021,– Huachipato,Everton CD,0-0,draw
05-06-2021,– Sapporo,Yokohama F. Marinos,1-1,draw
05-06-2021,– JEF United,Montedio Yamagata,1-1,draw
05-06-2021,– Kanazawa,Omiya Ardija,1-0,home
05-06-2021,– Tochigi,Kyoto Purple Sanga,0-0,draw
05-06-2021,– Seongnam Ilhwa,Jeonbuk M.,1-5,away
05-06-2021,– Vissel Kobe,Urawa RD,1-2,away
05-06-2021,– Odra Opole,GKS Tychy,1-5,away
05-06-2021,– Zaglebie S.,Lecczna Bogdanka,0-1,away
05-06-2021,– Falkenbergs,Vasteras,2-1,home
05-06-2021,– RoPS,E.I.F.,0-0,draw
05-06-2021,– Sandecja,Niepolomice,2-1,home
05-06-2021,– JIPPO,VPS,1-1,draw
05-06-2021,– PK-35,TPS,0-0,draw
03-06-2021,– Adelaide,Sydney W.,2-2,draw
03-06-2021,– Bolivia,Venezuela,3-1,home
03-06-2021,– Peru,Colombia,0-3,away
03-06-2021,– Macarthur,Wellington,0-3,away
03-06-2021,– Kusatsu,Mito Hollyhock,2-1,home
03-06-2021,– Latvia,Lithuania,3-1,home
03-06-2021,– Spain,Portugal,0-0,draw
03-06-2021,– Yamaguchi,Ehime,2-2,draw
03-06-2021,– Tokyo,Bellmare S.,0-1,away
03-06-2021,– Kofu,Albirex Niigata,2-2,draw
03-06-2021,– Yamaga,M.Zelvia,1-5,away
03-06-2021,– Blaublitz,Ryukyu,1-1,draw
03-06-2021,– Okayama,Tokyo Verdy,0-1,away
03-06-2021,– Notts County,Chesterfield,3-2,home
03-06-2021,– Sapporo,Yokohama F. Marinos,1-1,draw
03-06-2021,– JEF United,Montedio Yamagata,1-1,draw
03-06-2021,– Kanazawa,Omiya Ardija,1-0,home
03-06-2021,– Tochigi,Kyoto Purple Sanga,0-0,draw
03-06-2021,– Vissel Kobe,Urawa RD,1-2,away
03-06-2021,– Hartlepool,Bromley,3-2,home
29-05-2021,– New York,Orlando City,2-1,home
29-05-2021,– Columbus,Toronto,2-1,home
29-05-2021,– Manchester City,Chelsea,0-1,away
29-05-2021,– Atlanta Utd,Nashville,2-2,draw
29-05-2021,– Salt Lake,Minnesota,1-1,draw
29-05-2021,– Yamaga,Okayama,1-3,away
29-05-2021,– Wellington,Perth Glory,2-2,draw
29-05-2021,– Tokyo,Sanfrecce Hiroshima,0-0,draw
29-05-2021,– Vissel Kobe,Sagan,1-1,draw
29-05-2021,– Albirex Niigata,Ryukyu,2-1,home
29-05-2021,– Kyoto Purple Sanga,Kofu,0-0,draw
29-05-2021,– Oita Trinita,Fukuoka,2-1,home
29-05-2021,– Tokushima,Bellmare S.,1-1,draw
29-05-2021,– Vegalta Sendai,Cerezo Osaka,1-1,draw
29-05-2021,– Sydney W.,Brisbane Roar,2-0,home
29-05-2021,– Daegu,Gangwon FC,1-0,home
29-05-2021,– Ehime,Mito Hollyhock,0-5,away
29-05-2021,– Urawa RD,Nagoya GE,0-0,draw
29-05-2021,– Hammarby TFF,Hacken,0-0,draw
29-05-2021,– Blackpool,Lincoln,2-1,home
22-05-2021,– St Johnstone,Hibernian,1-0,home
22-05-2021,– Eintracht Frankfurt,Freiburg,3-1,home
22-05-2021,– Hoffenheim,Hertha Berlin,2-1,home
22-05-2021,– Stuttgart,Bielefeld,0-2,away
22-05-2021,– Union Berlin,RB Leipzig,2-1,home
22-05-2021,– Werder,B. Monchengladbach,2-4,away
22-05-2021,– Astra Giurgiu,CS Universitatea,1-1,draw
22-05-2021,– Ostersunds,Sirius,3-0,home
22-05-2021,– Celta,Betis,2-3,away
22-05-2021,– Cagliari,Genoa,0-1,away
22-05-2021,– Chicago,Inter Miami,1-0,home
22-05-2021,– San Jose,Kansas City,1-3,away
22-05-2021,– Melbourne Victory,Adelaide,0-1,away
22-05-2021,– Perth Glory,Macarthur,1-1,draw
22-05-2021,– Halmstad,Degerfors,0-0,draw
22-05-2021,– Kalmar,Hammarby TFF,2-1,home
22-05-2021,– Granada,Getafe,0-0,draw
22-05-2021,– Metz,Olympique Marseille,1-1,draw
22-05-2021,– Reims,Bordeaux,1-2,away
22-05-2021,– Strasbourg,Lorient,1-1,draw
15-05-2021,– Juventus,Inter,3-2,home
15-05-2021,– Chelsea,Leicester,0-1,away
15-05-2021,– Roma,Lazio,2-0,home
15-05-2021,– Brighton,West Ham,1-1,draw
15-05-2021,– Crystal Palace,Aston Villa,3-2,home
15-05-2021,– Udinese,Sampdoria,0-1,away
15-05-2021,– Darmstadt,Heidenheim,5-1,home
15-05-2021,– Karlsruher,Holstein Kiel,3-2,home
15-05-2021,– Nurnberg,Bochum,1-1,draw
15-05-2021,– Paderborn,Greuther Furth,2-4,away
15-05-2021,– St. Pauli,Hannover,1-2,away
15-05-2021,– Alaves,Granada,4-2,home
15-05-2021,– Betis,Huesca,1-0,home
15-05-2021,– Cadiz,Elche,1-3,away
15-05-2021,– Valencia,Eibar,4-1,home
15-05-2021,– Villarreal,Sevilla,4-0,home
15-05-2021,– RB Leipzig,Wolfsburg,2-2,draw
15-05-2021,– Bordeaux,Lens,3-0,home
15-05-2021,– Montpellier,Brest,0-0,draw
15-05-2021,– Nice,Strasbourg,0-2,away
08-05-2021,– Sheffield Utd,Crystal Palace,0-2,away
08-05-2021,– Manchester City,Chelsea,1-2,away
08-05-2021,– Cadiz,Huesca,2-1,home
08-05-2021,– Genoa,Sassuolo,1-2,away
08-05-2021,– Wolverhampton,Brighton,2-1,home
08-05-2021,– St Etienne,Olympique Marseille,1-0,home
08-05-2021,– Koln,Freiburg,1-4,away
08-05-2021,– Erzgebirge Aue,Paderborn,3-8,away
08-05-2021,– Getafe,Eibar,0-1,away
08-05-2021,– Benevento,Cagliari,1-3,away
08-05-2021,– Verona,Torino,1-1,draw
08-05-2021,– Metz,Nimes,0-3,away
08-05-2021,– Nice,Brest,3-2,home
08-05-2021,– Eintracht Frankfurt,Mainz,1-1,draw
08-05-2021,– Randers,Aarhus,0-1,away
08-05-2021,– Valencia,Valladolid,3-0,home
08-05-2021,– West Ham,Everton,0-1,away
08-05-2021,– Hertha,Bielefeld,0-0,draw
08-05-2021,– Brondby,Midtjylland,3-1,home
08-05-2021,– Real Madrid,Sevilla,2-2,draw
01-05-2021,– Brighton,Leeds,2-0,home
01-05-2021,– Hibernian,St Johnstone,0-1,away
01-05-2021,– Livingston,Aberdeen,1-2,away
01-05-2021,– Gil Vicente,Farense,0-0,draw
01-05-2021,– Huesca,Sociedad,1-0,home
01-05-2021,– Fortuna Sittard,Twente,3-0,home
01-05-2021,– Portimonense,Rio Ave,0-0,draw
01-05-2021,– Santa Clara,Boavista,3-3,draw
01-05-2021,– Everton,Aston Villa,1-2,away
01-05-2021,– Rangers,Celtic,4-1,home
01-05-2021,– Valladolid,Betis,1-1,draw
01-05-2021,– Groningen,Sparta,1-2,away
01-05-2021,– Bologna,Fiorentina,3-3,draw
01-05-2021,– Brest,Nantes,1-4,away
01-05-2021,– Nimes,Reims,2-2,draw
01-05-2021,– Randers,Brondby,4-2,home
01-05-2021,– Montpellier,St Etienne,1-2,away
01-05-2021,– Manchester Utd,Liverpool,Postp,postponed
01-05-2021,– Sampdoria,Roma,2-0,home
01-05-2021,– Monaco,Olympique Lyon,2-3,away
24-04-2021,– Valladolid,Cadiz,1-1,draw
24-04-2021,– Heerenveen,Zwolle,0-2,away
24-04-2021,– Leverkusen,Eintracht Frankfurt,3-1,home
24-04-2021,– Valencia,Alaves,1-1,draw
24-04-2021,– Sassuolo,Sampdoria,1-0,home
24-04-2021,– Emmen,Heracles,3-1,home
24-04-2021,– Benevento,Udinese,2-4,away
24-04-2021,– Wolverhampton,Burnley,0-4,away
24-04-2021,– Nice,Montpellier,3-1,home
24-04-2021,– Huesca,Getafe,0-2,away
24-04-2021,– Lorient,Bordeaux,4-1,home
24-04-2021,– Strasbourg,Nantes,1-2,away
24-04-2021,– Rostov,Arsenal Tula,1-0,home
24-04-2021,– Spartak Moscow,CSKA,1-0,home
24-04-2021,– Twente,Utrecht,1-2,away
24-04-2021,– Cagliari,Roma,3-2,home
24-04-2021,– Rubin,Krasnodar,0-1,away
24-04-2021,– Celta,Osasuna,2-1,home
24-04-2021,– Ath Bilbao,Atl. Madrid,2-1,home
24-04-2021,– Olympique Lyon,Lille,2-3,away
16-04-2021,– Blackburn,Derby,2-1,home
16-04-2021,– Nottingham,Huddersfield,0-2,away
16-04-2021,– Stoke,Preston,0-0,draw
16-04-2021,– Moreirense,Tondela,2-3,away
16-04-2021,– Guimaraes,Santa Clara,1-0,home
16-04-2021,– Sassuolo,Fiorentina,3-1,home
16-04-2021,– Cagliari,Parma,4-3,home
16-04-2021,– Rotherham,Birmingham,0-1,away
16-04-2021,– Sociedad,Sevilla,1-2,away
16-04-2021,– Atalanta,Juventus,1-0,home
16-04-2021,– Brest,Lens,1-1,draw
16-04-2021,– Reims,Metz,0-0,draw
16-04-2021,– Coventry,Barnsley,2-0,home
16-04-2021,– Famalicao,Portimonense,0-1,away
16-04-2021,– Alaves,Huesca,1-0,home
16-04-2021,– Mainz,Hertha Berlin,Postp,postponed
16-04-2021,– Torino,Roma,3-1,home
16-04-2021,– Brondby,Aarhus,2-2,draw
16-04-2021,– Cadiz,Celta Vigo,0-0,draw
16-04-2021,– Napoli,Inter,1-1,draw
10-04-2021,– Birmingham,Stoke,2-0,home
10-04-2021,– Bristol City,Nottingham,0-0,draw
10-04-2021,– Huddersfield,Rotherham,0-0,draw
10-04-2021,– Stuttgart,Dortmund,2-3,away
10-04-2021,– Eibar,Levante,0-1,away
10-04-2021,– Udinese,Torino,0-1,away
10-04-2021,– Real Madrid,Barcelona,2-1,home
10-04-2021,– Montpellier,Marseille,3-3,draw
10-04-2021,– Burnley,Newcastle,1-2,away
10-04-2021,– Verona,Lazio,0-1,away
10-04-2021,– Brest,Nimes,1-1,draw
10-04-2021,– Nice,Reims,0-0,draw
10-04-2021,– St Etienne,Bordeaux,4-1,home
10-04-2021,– West Ham,Leicester,3-2,home
10-04-2021,– Schalke,Augsburg,1-0,home
10-04-2021,– Valencia,Sociedad,2-2,draw
10-04-2021,– Tottenham,Manchester Utd,1-3,away
10-04-2021,– Koln,Mainz,2-3,away
10-04-2021,– Valladolid,Granada,1-2,away
10-04-2021,– Betis,Atl. Madrid,1-1,draw
03-04-2021,– RB Leipzig,Bayern Munich,0-1,away
03-04-2021,– Osasuna,Getafe,0-0,draw
03-04-2021,– Rio Ave,Gil Vicente,0-2,away
03-04-2021,– Twente,Vitesse,1-2,away
03-04-2021,– Arsenal,Liverpool,0-3,away
03-04-2021,– Sparta,Zwolle,3-2,home
03-04-2021,– Southampton,Burnley,3-2,home
03-04-2021,– Angers,Montpellier,1-1,draw
03-04-2021,– Alaves,Celta Vigo,1-3,away
03-04-2021,– Bordeaux,Strasbourg,2-3,away
03-04-2021,– Lorient,Brest,1-0,home
03-04-2021,– Nantes,Nice,1-2,away
03-04-2021,– Reims,Rennes,2-2,draw
03-04-2021,– Belenenses,Boavista,0-2,away
03-04-2021,– Emmen,RKC Waalwijk,3-1,home
03-04-2021,– Nimes,St Etienne,0-2,away
03-04-2021,– Aston Villa,Fulham,3-1,home
03-04-2021,– Union Berlin,Hertha Berlin,1-1,draw
03-04-2021,– Cadiz,Valencia,2-1,home
03-04-2021,– Sevilla,Atl. Madrid,1-0,home
27-03-2021,– Wimbledon,Northampton,1-0,home
27-03-2021,– Milton Keynes Dons,Doncaster,1-0,home
27-03-2021,– Shrewsbury,Portsmouth,1-2,away
27-03-2021,– Wigan,Ipswich,0-0,draw
27-03-2021,– Alloa,Ayr,2-2,draw
27-03-2021,– Inverness,Arbroath,1-0,home
27-03-2021,– Raith,Morton,1-0,home
27-03-2021,– Hereford,Woking,1-0,home
27-03-2021,– Carlisle,Cambridge Utd,1-2,away
27-03-2021,– Colchester,Bradford City,1-2,away
27-03-2021,– Crawley,Port Vale,1-3,away
27-03-2021,– Grimsby,Walsall,1-1,draw
27-03-2021,– Leyton Orient,Oldham,2-1,home
27-03-2021,– Morecambe,Cheltenham,1-0,home
27-03-2021,– Stevenage,Barrow,2-1,home
27-03-2021,– Tranmere,Mansfield,1-1,draw
27-03-2021,– Dundee,Dunfermline,3-2,home
27-03-2021,– Wellington,Macarthur,0-1,away
27-03-2021,– Adelaide,Sydney,1-0,home
27-03-2021,– NAC Breda,Graafschap,3-1,home
20-03-2021,– Nice,Olympique Marseille,3-0,home
20-03-2021,– Spezia,Cagliari,2-1,home
20-03-2021,– Huesca,Osasuna,0-0,draw
20-03-2021,– RKC Waalwijk,Groningen,3-1,home
20-03-2021,– Strasbourg,Lens,1-2,away
20-03-2021,– AZ Alkmaar,PSV,2-0,home
20-03-2021,– Brest,Angers,0-0,draw
20-03-2021,– Dijon,Reims,0-1,away
20-03-2021,– Montpellier,Bordeaux,3-1,home
20-03-2021,– Nantes,Lorient,1-1,draw
20-03-2021,– Sampdoria,Torino,1-0,home
20-03-2021,– Udinese,Lazio,0-1,away
20-03-2021,– Hertha,Leverkusen,3-0,home
20-03-2021,– West Ham,Arsenal,3-3,draw
20-03-2021,– Heracles,Sparta,1-1,draw
20-03-2021,– Fiorentina,Milan,2-3,away
20-03-2021,– Aston Villa,Tottenham,0-2,away
20-03-2021,– Roma,Napoli,0-2,away
20-03-2021,– Sociedad,Barcelona,1-6,away
20-03-2021,– Olympique Lyon,PSG,2-4,away
13-03-2021,– Crystal Palace,WBA,1-0,home
13-03-2021,– Farense,Belenenses,0-1,away
13-03-2021,– Benevento,Fiorentina,1-4,away
13-03-2021,– Osasuna,Valladolid,0-0,draw
13-03-2021,– Santa Clara,Portimonense,2-0,home
13-03-2021,– Genoa,Udinese,1-1,draw
13-03-2021,– Bologna,Sampdoria,3-1,home
13-03-2021,– Southampton,Brighton,1-2,away
13-03-2021,– Nimes,Montpellier,1-1,draw
13-03-2021,– Celta Vigo,Ath Bilbao,0-0,draw
13-03-2021,– Dijon,Bordeaux,1-3,away
13-03-2021,– Lorient,Nice,1-1,draw
13-03-2021,– Rennes,Strasbourg,1-0,home
13-03-2021,– Moreirense,Rio Ave,1-1,draw
13-03-2021,– Monaco,Lille,0-0,draw
13-03-2021,– Arsenal,Tottenham,2-1,home
13-03-2021,– Stuttgart,Hoffenheim,2-0,home
13-03-2021,– Eibar,Villarreal,1-3,away
13-03-2021,– Milan,Napoli,0-1,away
13-03-2021,– Sevilla,Betis,1-0,home
06-03-2021,– Sheffield Utd,Southampton,0-2,away
06-03-2021,– Bristol City,QPR,0-2,away
06-03-2021,– Coventry,Derby,1-0,home
06-03-2021,– Millwall,Blackburn,0-2,away
06-03-2021,– Preston,Bournemouth,1-1,draw
06-03-2021,– Swansea,Middlesbrough,2-1,home
06-03-2021,– Udinese,Sassuolo,2-0,home
06-03-2021,– Aston Villa,Wolverhampton,0-0,draw
06-03-2021,– Cadiz,Eibar,1-0,home
06-03-2021,– Brighton,Leicester,1-2,away
06-03-2021,– WBA,Newcastle,0-0,draw
06-03-2021,– Braunschweig,Sandhausen,1-0,home
06-03-2021,– Fortuna Dusseldorf,Nurnberg,3-1,home
06-03-2021,– Huesca,Celta,3-4,away
06-03-2021,– Koln,Werder,1-1,draw
06-03-2021,– Atl. Madrid,Real Madrid,1-1,draw
06-03-2021,– Vitesse,AZ Alkmaar,2-1,home
06-03-2021,– Spartak Moscow,Krasnodar,6-1,home
06-03-2021,– Bielefeld,Union Berlin,0-0,draw
06-03-2021,– Sampdoria,Cagliari,2-2,draw
27-02-2021,– Birmingham,QPR,2-1,home
27-02-2021,– Rotherham,Reading,0-1,away
27-02-2021,– Sevilla,Barcelona,0-2,away
27-02-2021,– Alaves,Osasuna,0-1,away
27-02-2021,– Leeds,Aston Villa,0-1,away
27-02-2021,– Getafe,Valencia,3-0,home
27-02-2021,– Newcastle,Wolverhampton,1-1,draw
27-02-2021,– Crystal Palace,Fulham,0-0,draw
27-02-2021,– Leicester,Arsenal,1-3,away
27-02-2021,– Union Berlin,Hoffenheim,1-1,draw
27-02-2021,– Crotone,Cagliari,0-2,away
27-02-2021,– Udinese,Fiorentina,1-0,home
27-02-2021,– Angers,Lens,2-2,draw
27-02-2021,– Lorient,St Etienne,2-1,home
27-02-2021,– Nimes,Nantes,1-1,draw
27-02-2021,– Reims,Montpellier,0-0,draw
27-02-2021,– Mainz,Augsburg,0-1,away
27-02-2021,– Chelsea,Manchester Utd,0-0,draw
27-02-2021,– Roma,Milan,1-2,away
27-02-2021,– Villarreal,Atl. Madrid,0-2,away
20-02-2021,– Burnley,WBA,0-0,draw
20-02-2021,– Nottingham,Blackburn,1-0,home
20-02-2021,– QPR,Bournemouth,2-1,home
20-02-2021,– Nantes,Olympique Marseille,1-1,draw
20-02-2021,– Genoa,Verona,2-2,draw
20-02-2021,– Valencia,Celta Vigo,2-0,home
20-02-2021,– Sassuolo,Bologna,1-1,draw
20-02-2021,– Fulham,Sheffield Utd,1-0,home
20-02-2021,– Parma,Udinese,2-2,draw
20-02-2021,– West Ham,Tottenham,2-1,home
20-02-2021,– Montpellier,Rennes,2-1,home
20-02-2021,– Aston Villa,Leicester,1-2,away
20-02-2021,– Milan,Inter,0-3,away
20-02-2021,– Nice,Metz,1-2,away
20-02-2021,– Nimes,Bordeaux,2-0,home
20-02-2021,– Strasbourg,Angers,0-0,draw
20-02-2021,– Hoffenheim,Werder Bremen,4-0,home
20-02-2021,– Atalanta,Napoli,4-2,home
20-02-2021,– Huesca,Granada,3-2,home
20-02-2021,– Ath Bilbao,Villarreal,1-1,draw
13-02-2021,– Crystal Palace,Burnley,0-3,away
13-02-2021,– Cardiff,Coventry,3-1,home
13-02-2021,– Napoli,Juventus,1-0,home
13-02-2021,– Eibar,Valladolid,1-1,draw
13-02-2021,– Reims,Lens,1-1,draw
13-02-2021,– Brighton,Aston Villa,0-0,draw
13-02-2021,– Southampton,Wolvethampton,1-2,away
13-02-2021,– Getafe,Sociedad,0-1,away
13-02-2021,– Aalborg,Randers,0-0,draw
13-02-2021,– Vejle Kolding,Nordsjaelland,2-2,draw
13-02-2021,– Sampdoria,Fiorentina,2-1,home
13-02-2021,– Angers,Nantes,1-3,away
13-02-2021,– Dijon,Nimes,0-2,away
13-02-2021,– Metz,Strasbourg,1-2,away
13-02-2021,– Rennes,St Etienne,0-2,away
13-02-2021,– Wolfsburg,B. Monchengladbach,0-0,draw
13-02-2021,– Crotone,Sassuolo,1-2,away
13-02-2021,– Levante,Osasuna,0-1,away
13-02-2021,– Odense,Aarhus,0-0,draw
13-02-2021,– Bordeaux,Olympique Marseille,0-0,draw
06-02-2021,– Stoke,Reading,0-0,draw
06-02-2021,– Luton,Huddersfield,1-1,draw
06-02-2021,– QPR,Blackburn,1-0,home
06-02-2021,– Middlesbrough,Brentford,1-4,away
06-02-2021,– Barnsley,Derby,Postp,postponed
06-02-2021,– Bristol City,Cardiff,0-2,away
06-02-2021,– Bournemouth,Birmingham,3-2,home
06-02-2021,– Millwall,Sheffield Wed,4-1,home
06-02-2021,– Preston,Rotherham,1-2,away
06-02-2021,– Wycombe,Nottingham,0-3,away
06-02-2021,– Lorient,Reims,1-0,home
06-02-2021,– Lens,Rennes,0-0,draw
06-02-2021,– Benevento,Sampdoria,1-1,draw
06-02-2021,– Brest,Bordeaux,2-1,home
06-02-2021,– Paderborn,Heidenheim,Postp,postponed
06-02-2021,– Udinese,Verona,2-0,home
06-02-2021,– Hoffenheim,Eintracht Frankfurt,1-3,away
06-02-2021,– Bielefeld,Werder Bremen,Postp,postponed
06-02-2021,– Parma,Bologna,0-3,away
06-02-2021,– Osasuna,Eibar,2-1,home
30-01-2021,– Crystal Palace,Wolverhampton,1-0,home
30-01-2021,– WBA,Fulham,2-2,draw
30-01-2021,– Montpellier,Lens,1-2,away
30-01-2021,– Arsenal,Manchester Utd,0-0,draw
30-01-2021,– RB Leipzig,Leverkusen,1-0,home
30-01-2021,– Southampton,Aston Villa,0-1,away
30-01-2021,– Villarreal,Real Sociedad,1-1,draw
30-01-2021,– Olympique Marseille,Rennes,Postp,postponed
30-01-2021,– Spezia,Udinese,0-1,away
30-01-2021,– Nice,St Etienne,0-1,away
30-01-2021,– Leicester,Leeds,1-3,away
30-01-2021,– Cagliari,Sassuolo,1-1,draw
30-01-2021,– Crotone,Genoa,0-3,away
30-01-2021,– Brest,Metz,2-4,away
30-01-2021,– Strasbourg,Reims,0-1,away
30-01-2021,– Koln,Bielefeld,3-1,home
30-01-2021,– West Ham,Liverpool,1-3,away
30-01-2021,– Wolfsburg,Freiburg,3-0,home
30-01-2021,– Granada,Celta Vigo,0-0,draw
30-01-2021,– Brighton,Tottenham,1-0,home
23-01-2021,– QPR,Derby,0-1,away
23-01-2021,– Aberdeen,Motherwell,2-0,home
23-01-2021,– ADO Den Haag,Emmen,0-0,draw
23-01-2021,– Lens,Nice,0-1,away
23-01-2021,– Monaco,Olympique Marseille,3-1,home
23-01-2021,– Heracles,Heerenveen,1-0,home
23-01-2021,– Bordeaux,Angers,2-1,home
23-01-2021,– Preston,Reading,0-0,draw
23-01-2021,– Darmstadt,Holstein Kiel,0-2,away
23-01-2021,– Nurnberg,Hannover,2-5,away
23-01-2021,– Osasuna,Granada,3-1,home
23-01-2021,– Fulham,Burnley,0-3,away
23-01-2021,– Metz,Nantes,2-0,home
23-01-2021,– Reims,Brest,1-0,home
23-01-2021,– Genoa,Cagliari,1-0,home
23-01-2021,– Middlesbrough,Blackburn,0-1,away
23-01-2021,– Feyenoord,AZ Alkmaar,2-3,away
23-01-2021,– Rennes,Lille,0-1,away
23-01-2021,– Manchester Utd,Liverpool,3-2,home
23-01-2021,– Parma,Sampdoria,0-2,away
